date,yen,n,win,cum
2012-11,-6030.00000000053,10,5,-6030.00000000053
2012-12,12859.999999999964,14,8,6829.999999999433
2013-01,21480.00000000044,18,11,28309.999999999873
2013-02,63859.999999999534,16,9,92169.9999999994
2013-03,1210.0000000001914,17,6,93379.99999999959
2013-04,36979.99999999952,22,11,130359.99999999911
2013-05,1639.999999998714,23,11,131999.99999999782
2013-06,66969.99999999985,20,13,198969.99999999767
2013-07,7570.000000000167,23,12,206539.99999999785
2013-08,20700.00000000094,22,13,227239.99999999878
2013-09,11169.999999999964,21,10,238409.99999999875
2013-10,38049.999999999374,22,13,276459.99999999814
2013-11,2119.9999999999873,17,9,278579.99999999814
2013-12,24489.999999999884,15,10,303069.999999998
2014-01,81080.00000000009,18,14,384149.99999999814
2014-02,3689.999999999425,16,6,387839.99999999756
2014-03,-4379.999999999642,17,7,383459.9999999979
2014-04,-1419.9999999992283,22,10,382039.99999999866
2014-05,-9130.000000001794,22,10,372909.99999999686
2014-06,-21730.00000000038,21,8,351179.9999999965
2014-07,2409.999999999262,23,15,353589.99999999575
2014-08,8790.000000000824,21,14,362379.99999999657
2014-09,14439.99999999976,22,12,376819.99999999633
2014-10,-16170.000000000739,22,12,360649.9999999956
2014-11,16139.999999999192,16,10,376789.99999999476
2014-12,18129.99999999818,16,9,394919.99999999296
2015-01,32879.99999999912,16,10,427799.9999999921
2015-02,-15789.9999999988,16,8,412009.9999999933
2015-03,10120.000000000202,18,10,422129.9999999935
2015-04,9019.999999999749,22,13,431149.99999999325
2015-05,38660.000000000495,21,16,469809.9999999937
2015-06,19460.000000000047,22,14,489269.9999999938
2015-07,95430.00000000118,23,20,584699.999999995
2015-08,39990.000000000866,21,11,624689.9999999958
2015-09,74340.00000000114,22,15,699029.999999997
2015-10,13530.000000000722,21,12,712559.9999999977
2015-11,12499.999999999432,16,10,725059.9999999971
2015-12,30470.000000000593,18,14,755529.9999999977
2016-01,19209.99999999978,16,10,774739.9999999974
2016-02,45780.00000000003,16,11,820519.9999999974
2016-03,7489.999999998785,20,11,828009.9999999963
2016-04,48879.99999999997,21,15,876889.9999999963
2016-05,57700.00000000012,22,15,934589.9999999964
2016-06,-50109.99999999995,22,10,884479.9999999964
2016-07,-18050.00000000043,21,12,866429.9999999959
2016-08,27100.000000000055,23,15,893529.9999999959
2016-09,28689.99999999931,22,12,922219.9999999952
2016-10,29810.0000000002,20,12,952029.9999999955
2016-11,-27140.000000000215,18,6,924889.9999999952
2016-12,22819.99999999931,18,10,947709.9999999945
2017-01,13130.000000000406,17,10,960839.9999999949
2017-02,27800.000000000724,16,10,988639.9999999956
2017-03,35990.00000000114,20,12,1024629.9999999967
2017-04,-24149.999999999247,20,11,1000479.9999999974
2017-05,-25749.999999999905,23,12,974729.9999999976
2017-06,4049.9999999991815,22,13,978779.9999999967
2017-07,25530.00000000035,20,11,1004309.9999999971
2017-08,-3139.9999999995052,20,10,1001169.9999999976
2017-09,54550.00000000003,18,14,1055719.9999999977
2017-10,28579.999999998683,21,17,1084299.9999999963
2017-11,4190.000000000308,18,7,1088489.9999999965
2017-12,22060.000000000317,16,10,1110549.9999999967
2018-01,32290.000000001368,17,11,1142839.9999999981
2018-02,-17000.000000000735,16,9,1125839.9999999974
2018-03,-25860.000000000684,19,9,1099979.9999999967
2018-04,27810.000000000404,21,16,1127789.9999999972
2018-05,-3500.000000001107,23,13,1124289.999999996
2018-06,43880.00000000012,21,15,1168169.9999999963
2018-07,33690.00000000101,22,14,1201859.9999999972
2018-08,13709.999999999643,23,12,1215569.9999999967
2018-09,-2190.0000000012565,20,11,1213379.9999999956
2018-10,11129.999999999874,22,13,1224509.9999999953
2018-11,79.99999999986767,18,9,1224589.999999995
2018-12,-34040.00000000058,14,3,1190549.9999999944
2019-01,-64610.00000000016,17,7,1125939.9999999942
2019-02,-10879.999999999225,16,4,1115059.9999999949
2019-03,11410.000000000013,17,10,1126469.9999999949
2019-04,-9710.000000000015,22,9,1116759.9999999949
2019-05,16629.99999999909,23,15,1133389.999999994
2019-06,18089.999999998945,20,13,1151479.9999999928
2019-07,43080.00000000161,23,18,1194559.9999999944
2019-08,-16379.999999999323,22,12,1178179.999999995
2019-09,31619.999999999414,21,14,1209799.9999999944
2019-10,-12129.999999999922,22,10,1197669.9999999944
2019-11,-300.0000000001969,17,10,1197369.9999999942
2019-12,24180.000000000964,15,5,1221549.999999995
2020-01,-21120.000000000276,17,11,1200429.9999999949
2020-02,-5800.000000000122,16,5,1194629.9999999946
2020-03,26020.00000000021,18,12,1220649.9999999949
2020-04,60109.99999999827,22,15,1280759.9999999932
2020-05,70389.99999999993,21,17,1351149.9999999932
2020-06,76610.00000000003,22,15,1427759.9999999932
2020-07,55470.000000000655,23,20,1483229.999999994
2020-08,54220.00000000032,21,16,1537449.9999999942
2020-09,24849.999999998738,22,16,1562299.999999993
2020-10,18870.00000000021,21,12,1581169.9999999932
2020-11,8620.000000000091,16,9,1589789.9999999932
2020-12,-9489.999999999924,18,7,1580299.9999999932
2021-01,9409.999999999316,16,10,1589709.9999999925
2021-02,21949.99999999965,16,13,1611659.999999992
2021-03,34480.000000000655,19,14,1646139.9999999928
2021-04,39639.999999999294,22,17,1685779.999999992
2021-05,56450.00000000017,21,20,1742229.9999999923
2021-06,69709.99999999991,22,20,1811939.9999999923
2021-07,51659.99999999971,22,18,1863599.999999992
2021-08,53620.00000000068,22,22,1917219.9999999928
2021-09,47330.000000000626,22,21,1964549.9999999935
2021-10,66409.9999999994,21,18,2030959.9999999928
2021-11,22650.000000001244,17,12,2053609.999999994
2021-12,6659.999999999411,19,9,2060269.9999999932
2022-01,21369.99999999958,16,13,2081639.9999999928
2022-02,-24489.99999999941,16,8,2057149.9999999935
2022-03,8280.000000000135,4,3,2065429.9999999937
