entry,exit,n,mean,t,t_tr,t_te,win
13:00,15:00,2407,-0.29021603656001294,-1.4538923671989308,-0.6650155140716368,-1.7621826198605235,48.151225592023266
13:00,15:30,2407,-0.18151225592022566,-0.7280302272414924,-0.4391077509570746,-0.6887774338377104,49.60531782301621
13:00,16:00,2407,0.2933942667220423,0.9977824184729213,1.3116503226171978,-0.273539816251124,50.51931865392605
13:00,16:30,2407,0.17073120066473194,0.4721636405225601,0.6328661540239633,-0.14276362757439867,50.602409638554214
13:00,17:00,2407,0.5522019110926436,1.297637166145623,1.2694248662957779,0.39097855172614365,51.26713751557956
13:00,17:30,2407,0.6452845866223665,1.3711433178532262,1.236073166905635,0.6023191373949289,50.81013710012464
13:00,18:00,2407,0.9061071873701624,1.7202529053789808,1.9845489920339316,0.017611105148230527,51.18404653095139
13:00,18:30,2407,1.0198795180723104,1.8500715003379007,1.8171797519699449,0.5582804998795451,51.35022850020773
13:00,19:00,2407,1.1469048608226116,1.9864773447097321,2.3495245638119013,-0.07166482871424816,51.84877440797674
13:00,19:30,2407,1.117760697964289,1.8633020265392146,2.068702324843595,0.19146115348767534,50.68550062318239
13:00,20:00,2407,1.5097008724553427,2.438350105393279,2.767084449317792,0.1596765523493745,51.84877440797674
13:00,20:30,2407,1.6418363107602931,2.5046255417718597,2.637923646424498,0.4977544046722504,51.10095554632322
13:00,21:00,2407,2.1771499792272855,3.142577080694493,3.2464619225618456,0.711221217867214,52.098047361861234
13:00,21:30,2407,2.0647901952637997,2.875491785600357,3.140416491911836,0.3470738906370504,52.34732031574574
13:00,22:00,2405,2.239147609147606,2.912061356189268,2.9009024236913943,0.8274182196490721,51.6008316008316
13:00,22:30,2405,2.2823908523908623,2.818214771959055,2.700807470761849,0.9640859970789274,52.058212058212064
13:00,23:00,2404,1.9443843594009995,2.2458596142157736,2.675827061743744,-0.1518878001926087,50.707154742096506
13:00,23:30,2404,2.0738144758735446,2.3217404596335123,2.714471928597269,-0.044120940447611216,50.74875207986689
13:30,15:00,2407,-0.36967179061068894,-1.8450993471101333,-1.049918910334939,-2.045714300962976,48.10968009970918
13:30,15:30,2407,-0.2609680099709017,-1.042869578510277,-0.7647788237606565,-0.7750166203592325,49.27295388450353
13:30,16:00,2407,0.2139385126713663,0.7279145186622413,1.0118434893529304,-0.32365172914319007,50.103863730785214
13:30,16:30,2407,0.09127544661405602,0.25055972094760853,0.39010615038800933,-0.1773886821104874,50.27004570004154
13:30,17:00,2407,0.47274615704196743,1.101637910699143,1.0531486549807052,0.3697206790448034,51.35022850020773
13:30,17:30,2407,0.5658288325716905,1.193212607251175,1.040792986184437,0.5832431858519593,50.560864146240135
13:30,18:00,2407,0.8266514333194863,1.5588173736361135,1.7989690544962362,-0.004256458825419572,50.97631906938097
13:30,18:30,2407,0.9404237640216341,1.6977436419666014,1.645544005893459,0.5433386843237129,51.39177399252182
13:30,19:00,2407,1.0674491067719354,1.8415652231839252,2.1810093509347297,-0.09255425384251625,52.30577482343166
13:30,19:30,2407,1.0383049439136132,1.729984396966668,1.9153557325397363,0.1748538656393925,50.768591607810556
13:30,20:00,2407,1.430245118404667,2.3117745248799966,2.6192579980944783,0.14331207593294057,51.97341088491899
13:30,20:30,2407,1.5623805567096172,2.386613330175654,2.4992618730057723,0.4865420270183302,51.39177399252182
13:30,21:00,2407,2.09769422517661,3.0353706515664465,3.1213719085363816,0.701796192305199,51.724137931034484
13:30,21:30,2407,1.9853344412131237,2.7713197330500585,3.0205693018053066,0.33432356202272023,52.59659326963024
13:30,22:00,2405,2.158835758835765,2.8129573275739435,2.789040017451835,0.8155961227298113,52.141372141372145
13:30,22:30,2405,2.202079002079021,2.72004909298907,2.5900547600934667,0.9543884840657618,52.0997920997921
13:30,23:00,2404,1.8678868552412746,2.1577635438829437,2.5755278538041444,-0.16504290466269897,50.79034941763727
13:30,23:30,2404,1.9984816971713903,2.233495556195083,2.611741383742182,-0.05251980941800627,51.123128119800334
14:00,15:00,2406,-0.5353906899417887,-3.136372563332306,-1.9090131930587815,-3.232732166741581,45.8021612635079
14:00,15:30,2406,-0.4280756442227659,-1.8826556512503942,-1.3671947793328807,-1.4274133534164362,47.256857855361595
14:00,16:00,2406,0.04619700748128199,0.16916113673429148,0.6418369042040432,-0.8290264179022095,49.00249376558604
14:00,16:30,2406,-0.07556109725684995,-0.21913964825948995,0.06115977210359943,-0.5462445148137054,49.58437240232752
14:00,17:00,2406,0.3023482959268492,0.731824856002696,0.7942901711711952,0.0724612758343511,50.20781379883624
14:00,17:30,2406,0.39490856192852997,0.8596511954243924,0.8003962888651049,0.33211690345403583,49.542809642560265
14:00,18:00,2406,0.6570656691604273,1.2758821250489372,1.610861994379879,-0.24578382812330274,50.166251039068996
14:00,18:30,2406,0.7798212801330253,1.4442747337123434,1.4792507128591819,0.3264790041224222,51.12219451371571
14:00,19:00,2406,0.9036367414796485,1.5913985103561614,2.024731136931124,-0.3091889083223735,51.537822111388195
14:00,19:30,2406,0.8726932668329401,1.4788567513956,1.7461938607562053,-0.024385590934514256,50.540315876974226
14:00,20:00,2406,1.259497090606824,2.0662773288515925,2.4535789996728474,-0.04925202269060356,51.537822111388195
14:00,20:30,2406,1.3898794679966897,2.1504207376887012,2.3354462940268155,0.3078678436758448,51.3715710723192
14:00,21:00,2406,1.9255818786367767,2.8169448867465574,2.971520032631423,0.5324452097844881,51.82876142975894
14:00,21:30,2406,1.8147339983374795,2.563241620018145,2.881919877695706,0.16585991087653135,52.28595178719867
14:00,22:00,2404,1.992179700499168,2.6186427525432694,2.6588160252287647,0.6592784952217977,52.079866888519135
14:00,22:30,2404,2.0333818635607446,2.531782447750752,2.463222640686852,0.8016503477976075,51.70549084858569
14:00,23:00,2403,1.7034748231377486,1.980531078895774,2.45721169462009,-0.3046132043844981,50.43695380774032
14:00,23:30,2403,1.835018726591763,2.064874547914594,2.4969466782241847,-0.1844016911909337,50.85310029130253
14:30,15:00,2407,-0.4034275031159088,-3.035707386831779,-2.1536204730555375,-2.535837859230958,46.530951391773996
14:30,15:30,2407,-0.29472372247612144,-1.4791054200206053,-1.3518668129672777,-0.6081327465915933,48.982135438304944
14:30,16:00,2407,0.18018280016614663,0.7163149595817626,0.8620967138730058,-0.08546721916662947,50.35313668466971
14:30,16:30,2407,0.05751973410883636,0.1755824593827148,0.19045013368485714,0.022600735596109416,50.31159119235563
14:30,17:00,2407,0.43899044453674796,1.1042008534811723,0.9433747049132043,0.5748324474952174,51.35022850020773
14:30,17:30,2407,0.5320731200664707,1.1901661004701256,0.9297565608434291,0.766799483900025,49.563772330702115
14:30,18:00,2407,0.7928957208142667,1.5738596942104208,1.742856311698297,0.13669532304643836,51.35022850020773
14:30,18:30,2407,0.9066680515164144,1.7144903520672217,1.5806335970680192,0.693632599514535,50.81013710012464
14:30,19:00,2407,1.0336933942667157,1.8624936197977056,2.143690012886337,0.0319857916027854,52.264229331117576
14:30,19:30,2407,1.0045492314083935,1.7354707375040186,1.8524253206291368,0.29805983201576514,51.599501454092234
14:30,20:00,2407,1.396489405899447,2.332312389705571,2.5779429901575504,0.2612131162658481,51.724137931034484
14:30,20:30,2407,1.5286248442043968,2.4037901560068087,2.454823426399492,0.6022951971005781,51.43331948483589
14:30,21:00,2407,2.0639385126713896,3.0653816080525638,3.0936465595223943,0.8157568921656531,52.34732031574574
14:30,21:30,2407,1.9515787287079045,2.798745779648565,2.9955954684512522,0.44122326690005875,51.97341088491899
14:30,22:00,2405,2.122224532224512,2.828165738966536,2.7473605664006278,0.9190327601023426,52.515592515592516
14:30,22:30,2405,2.1654677754677683,2.7331000621698864,2.5516479262764435,1.0513286776075883,52.723492723492726
14:30,23:00,2404,1.8407653910149595,2.166720744803579,2.5373460131721886,-0.063795541517717,50.54076539101497
14:30,23:30,2404,1.973606489184675,2.2476786886446116,2.577946576614631,0.047716476956502274,50.66555740432612
15:00,15:30,2409,-0.08947696139478231,-0.5703673521968227,-0.8108748204183048,0.23955078069049573,48.89995848899959
15:00,16:00,2409,0.38102947281025784,1.6975104396674503,1.6237831910045133,0.5851714243747291,50.186799501867995
15:00,16:30,2409,0.2592361975923475,0.8488661298909101,0.6968488420674527,0.4854462292299036,50.477376504773765
15:00,17:00,2409,0.6392071398920497,1.721422227296984,1.4219465116510983,0.9739632834253269,51.93026151930261
15:00,17:30,2409,0.7276670817766672,1.7095260137109805,1.323893712389556,1.1064708540404649,50.43586550435866
15:00,18:00,2409,0.9860730593607036,2.04274671533076,2.129896890080887,0.43858906079557464,51.47364051473641
15:00,18:30,2409,1.1001660440016636,2.1657403513041,1.9375851704776985,0.9833553616779925,51.05853051058531
15:00,19:00,2409,1.2256953092569454,2.287462980879117,2.5066047054227303,0.30212363107041135,52.01328352013284
15:00,19:30,2409,1.193814860938148,2.103950754802461,2.1435042707342506,0.5481504492098733,51.55666251556662
15:00,20:00,2409,1.5875051888750373,2.7027773561521373,2.881400229575653,0.5036562417584359,51.598173515981735
15:00,20:30,2409,1.7238688252386796,2.7616492589402672,2.7467974908447204,0.8288246213299307,52.84350352843503
15:00,21:00,2409,2.257534246575355,3.405044722470229,3.36902105662408,1.0330889956470655,52.13781652137817
15:00,21:30,2409,2.1410543794105115,3.121227783100033,3.2539781483005603,0.6566558356681348,51.515151515151516
15:00,22:00,2407,2.3121936019941622,3.1146137960448668,2.969792250192675,1.1137293755148328,51.64104694640631
15:00,22:30,2407,2.3542168674698694,2.9969479533002414,2.7509981229089386,1.237420254598802,51.80722891566265
15:00,23:00,2406,2.013570241063988,2.3897964479172846,2.7031539466244268,0.11024871130211317,50.45719035743973
15:00,23:30,2406,2.146612635078952,2.467779060940227,2.745145879114394,0.21392576947731537,51.33000831255195
15:30,16:00,2409,0.2705064342050402,1.6284231388115962,2.0004197987061647,-0.2731626520608373,50.477376504773765
15:30,16:30,2409,0.14871315898713014,0.561146865279464,0.698569017517782,-0.05330219739593657,51.05853051058531
15:30,17:00,2409,0.5286841012868321,1.5484020641493061,1.4753170181443733,0.5585204355499704,51.01701951017019
15:30,17:30,2409,0.6171440431714496,1.5524435355513546,1.357312701540894,0.7582906437526798,50.80946450809465
15:30,18:00,2409,0.8755500207554862,1.905793244246438,2.1816970862081018,0.09668403420393927,51.30759651307597
15:30,18:30,2409,0.9896430053964463,2.0156579002787396,1.9507393146845393,0.6762954251292215,50.89248650892486
15:30,19:00,2409,1.115172270651728,2.144942066722519,2.534571216833571,-0.00844669893809335,51.681195516811954
15:30,19:30,2409,1.0832918223329309,1.9644821406323936,2.161169237078864,0.2652981368033937,50.89248650892486
15:30,20:00,2409,1.4769821502698197,2.5805084104884823,2.915195041978421,0.22923260911163276,52.13781652137817
15:30,20:30,2409,1.6133457866334624,2.6414873061370425,2.775679458351518,0.5734001500467983,52.42839352428393
15:30,21:00,2409,2.147011207970137,3.3141593993057366,3.418378699723653,0.7942202835559671,52.22083852220839
15:30,21:30,2409,2.030531340805294,3.0336487974605,3.307459319684874,0.41609251673137676,51.72270651722707
15:30,22:00,2407,2.205463232239294,3.037855235138389,3.0110710951226625,0.9055043128154892,51.931865392604905
15:30,22:30,2407,2.247486497715001,2.912211534531782,2.777429322672613,1.0328128335732067,51.80722891566265
15:30,23:00,2406,1.909684123025764,2.3032009465586487,2.725470519831644,-0.08466819947866648,50.581878636741486
15:30,23:30,2406,2.04229010806317,2.3880198183509624,2.77397960902828,0.024874950763367303,51.08063175394846
16:00,16:30,2411,-0.3174616341766675,-1.4747058293241286,-1.450597850853768,-0.4684875954302552,49.31563666528411
16:00,17:00,2411,0.058772293654100714,0.19042393250816933,0.019541256086993218,0.3290736898347819,51.51389464952302
16:00,17:30,2411,0.15068436333474963,0.4038166408446172,0.11295673220047792,0.5745356974713761,49.31563666528411
16:00,18:00,2411,0.4131273330568339,0.9434751000913082,1.171053749620132,-0.1018965955785157,50.26959767731232
16:00,18:30,2411,0.529759435918747,1.1252852446245227,1.0012680437585235,0.5190900266868347,50.145167980091244
16:00,19:00,2411,0.6605765242638199,1.3141807476771672,1.6578948027441338,-0.1863505495570036,50.601410203235176
16:00,19:30,2411,0.6385939444214387,1.1939084232910773,1.3413410731447188,0.1115602480244991,50.020738282870184
16:00,20:00,2411,1.0320406470344479,1.8581647791916158,2.149655295351875,0.07967199452574414,50.80879303193696
16:00,20:30,2411,1.1683948569058762,1.9620148752969473,2.042468239370429,0.44709250769132686,51.38946495230194
16:00,21:00,2411,1.699937785151439,2.685957815061128,2.741540544742986,0.6795316153957099,51.76275404396517
16:00,21:30,2411,1.592803815844053,2.4287595231975962,2.6629422186685243,0.2916871987344315,51.59684778100373
16:00,22:00,2409,1.7633457866334736,2.47270972984959,2.410576777477004,0.7908262619895362,50.850975508509755
16:00,22:30,2409,1.812992943129958,2.391552547931725,2.2297129016653776,0.9269310589744709,51.26608551266085
16:00,23:00,2408,1.4803986710963648,1.8146347728487595,2.2139383449362233,-0.19875661369691972,50.66445182724253
16:00,23:30,2408,1.621075581395367,1.9213957374631103,2.272245727599898,-0.06516878886050799,50.7890365448505
16:30,17:00,2411,0.1762339278307683,0.8288805423232665,0.7474080676772744,0.3645655234715348,49.89630858564911
16:30,17:30,2411,0.2681459975114175,0.9054422406973106,0.6756051044948377,0.619837896646971,48.85939444214019
16:30,18:00,2411,0.5305889672335017,1.4290916818252926,1.7973173299985248,-0.1922026890396601,50.228121111571966
16:30,18:30,2411,0.6472210700954146,1.5809874627583995,1.5369778686062516,0.5228838697188875,50.64288676897553
16:30,19:00,2411,0.7780381584404875,1.7395319683379808,2.222999116844903,-0.26490083747530513,51.05765242637909
16:30,19:30,2411,0.7560555785981065,1.5711748231268465,1.8221350462643873,0.06869707044317303,50.31107424305268
16:30,20:00,2411,1.1495022812111155,2.2699496452146284,2.6774262962405815,0.03528099699123543,51.721277478224806
16:30,20:30,2411,1.2858564910825439,2.341982464731638,2.5118011162637512,0.4325049301772124,51.09912899211946
16:30,21:00,2411,1.817399419328107,3.09692412956937,3.22882098377876,0.6836578643576474,52.05309000414766
16:30,21:30,2411,1.7102654500207204,2.801307936676588,3.1332299867485793,0.26436170774170165,52.09456656988801
16:30,22:00,2409,1.882440846824402,2.79585127484337,2.7924894948315506,0.7903873748782965,51.97177251971773
16:30,22:30,2409,1.9320880033208867,2.6881506238398947,2.5736397666005137,0.9320040833399681,51.93026151930261
16:30,23:00,2408,1.5951619601328888,2.0518957260766273,2.5292881897843587,-0.2482594449598846,51.328903654485046
16:30,23:30,2408,1.7402408637873723,2.1555534926033304,2.5798440465147903,-0.10638766724953605,51.0797342192691
17:00,17:30,2411,-0.10808793031935063,-0.5044101149745791,-0.5807124748290953,-0.0551879039117689,48.44462878473663
17:00,18:00,2411,0.15435503940273362,0.49851861144084847,1.1340095613551393,-0.9026489840026022,48.94234757362091
17:00,18:30,2411,0.27098714226464654,0.7554361397518827,0.8651550702513744,0.028726359893529275,50.26959767731232
17:00,19:00,2411,0.40180423060971965,1.001529631776491,1.667669895985856,-0.8267570399162774,51.347988386561596
17:00,19:30,2411,0.3798216507673384,0.8587096090313826,1.2420112940108372,-0.3936508880403472,50.933222729158025
17:00,20:00,2411,0.7732683533803474,1.64813635299702,2.170076152103878,-0.40597627077587967,50.39402737453339
17:00,20:30,2411,0.9096225632517762,1.7779721506082418,2.0442582807725915,0.07897844032251593,50.933222729158025
17:00,21:00,2411,1.4411654914973386,2.6043237567574797,2.815697291200762,0.3703047838833921,51.47241808378267
17:00,21:30,2411,1.3340315221899528,2.3185062641671434,2.741407948615013,-0.07854942412994544,51.05765242637909
17:00,22:00,2409,1.5023453715234543,2.3285943366970066,2.3902003414578292,0.5190586073301199,51.80572851805728
17:00,22:30,2409,1.5519925280199391,2.2375978514183625,2.1786957900462154,0.6891650994533289,51.141552511415526
17:00,23:00,2408,1.200622923588045,1.595508217009544,2.1555952752663323,-0.5901075151941686,50.83056478405316
17:00,23:30,2408,1.3463455149501702,1.718508305973009,2.2159930682657074,-0.415464661478461,50.83056478405316
17:30,18:00,2411,0.062442969722084546,0.28969985153991956,1.4456911557442382,-1.9148482602947545,49.5230194939859
17:30,18:30,2411,0.17907507258399766,0.6338834149203006,0.9637399959363977,-0.3945439367967402,50.559933637494815
17:30,19:00,2411,0.3098921609290707,0.9175843723011332,1.8756294686862738,-1.3371824159265593,51.845707175445874
17:30,19:30,2411,0.28790958108668957,0.7464234097395414,1.335883934213072,-0.7536927398313776,50.7673164661966
17:30,20:00,2411,0.6813562836996986,1.630331514736033,2.3712675592049717,-0.7247108924131418,51.92866030692659
17:30,20:30,2411,0.817710493571127,1.7665787061738623,2.2071294855835544,-0.15985591846857625,52.26047283284944
17:30,21:00,2411,1.3492534218166894,2.6588205236455282,3.021953707927218,0.1651749552895513,52.92409788469514
17:30,21:30,2411,1.2421194525093038,2.3271657634125273,2.9051938734913696,-0.3063792939593897,52.218996267109084
17:30,22:00,2409,1.4201120797011022,2.3376611862545777,2.496173929152966,0.35886289730455057,51.18306351183064
17:30,22:30,2409,1.469759236197587,2.2318722590841107,2.2549411284180287,0.5437708493856044,51.8472395184724
17:30,23:00,2408,1.1135589700996529,1.5483706922784362,2.219099445111876,-0.7881382343299846,50.99667774086378
17:30,23:30,2408,1.2507059800664295,1.663344914766322,2.2649433664737426,-0.6044408071572936,51.162790697674424
18:00,18:30,2411,-0.08336789713808665,-0.4585424871657138,-1.0986454465306528,0.8125756912422083,49.066777270841975
18:00,19:00,2411,0.04744919120698645,0.18392279319707666,0.6590310153451001,-0.6571163107623308,49.68892575694733
18:00,19:30,2411,0.025466611364605228,0.07971562195916697,0.14412484078227605,-0.07487281628444857,49.440066362505185
18:00,20:00,2411,0.4189133139776143,1.1580058462054683,1.4549682740090544,-0.10716675855413377,51.55537121526338
18:00,20:30,2411,0.5552675238490428,1.3413181001605456,1.3283025869205034,0.42688151887813497,51.14060555785981
18:00,21:00,2411,1.0868104520946051,2.3415967798513,2.2996889178729996,0.7400253458932531,50.974699294898386
18:00,21:30,2411,0.9796764827872195,1.9886410283135563,2.2037951598341596,0.21008220155150042,51.51389464952302
18:00,22:00,2409,1.1558738065587426,2.0145398204863647,1.8331407325851463,0.8560604389423362,51.47364051473641
18:00,22:30,2409,1.205520963055227,1.920834550367093,1.63236809105579,1.014711489768247,51.681195516811954
18:00,23:00,2408,0.8460340531561545,1.2262690730086505,1.6269625850382181,-0.39101518961784454,50.83056478405316
18:00,23:30,2408,0.9850290697674488,1.3636680296069932,1.7024512149758182,-0.22583174592611988,50.2906976744186
18:30,19:00,2411,-0.06918291165492667,-0.3839846001455665,1.178354466194385,-2.426094205372311,49.64744919120697
18:30,19:30,2411,-0.09116549149730775,-0.356071055451828,0.3422058755906874,-1.1455438236130695,49.60597262546661
18:30,20:00,2411,0.3022812111157012,0.9784634814052126,1.853607084102775,-0.9952416801861749,50.80879303193696
18:30,20:30,2411,0.4386354209871299,1.1998927976629918,1.6185557627448905,-0.25677326846058757,51.22355868934052
18:30,21:00,2411,0.9701783492326922,2.2781530727442227,2.598371502151705,0.14066721287439538,51.4309415180423
18:30,21:30,2411,0.8630443799253065,1.8775569725443866,2.4513034576489847,-0.40213839146259717,51.67980091248444
18:30,22:00,2409,1.03009547530093,1.889520632981495,1.9771707128222469,0.35742054391157296,50.850975508509755
18:30,22:30,2409,1.0797426317974148,1.795028543646342,1.745878289333386,0.5563471859198922,51.76421751764217
18:30,23:00,2408,0.7144102990033019,1.06752158188164,1.7194128250345446,-0.8909834684436138,50.7890365448505
18:30,23:30,2408,0.853197674418583,1.209295633220223,1.7850856900048258,-0.6826055883405043,50.83056478405316
19:00,19:30,2411,-0.22198257984238087,-1.2098256415184294,-1.499223516149023,0.131354362657539,49.5230194939859
19:00,20:00,2411,0.17146412277062834,0.6892217628203517,0.7977079393234768,0.03287165221730773,50.43550394027374
19:00,20:30,2411,0.30781833264205677,0.9771520804924771,0.6945101401502444,0.7251939001506573,51.55537121526338
19:00,21:00,2411,0.8393612608876192,2.1942092287607484,1.916872941302472,1.0686004339503627,51.88718374118623
19:00,21:30,2411,0.7322272915802335,1.738753583389127,1.8061195359793922,0.3684234754551453,51.01617586063873
19:00,22:00,2409,0.8962640099626267,1.7454707136974092,1.3906845672859152,1.0883946973530156,51.26608551266085
19:00,22:30,2409,0.9459111664591116,1.6555852770142117,1.2072292715629045,1.2477181343260935,51.515151515151516
19:00,23:00,2408,0.5874792358803894,0.9155781531109339,1.242469618064807,-0.37015725079001666,50.95514950166113
19:00,23:30,2408,0.7297757475082952,1.0703897048236868,1.333354423127614,-0.18164453875673098,50.53986710963455
19:30,20:00,2411,0.19344670261300936,1.1260031943353621,1.8884959829889458,-0.8042778399448525,50.64288676897553
19:30,20:30,2411,0.32980091248443805,1.2992919329667352,1.3318768490869735,0.3203516994937486,51.80423060970551
19:30,21:00,2411,0.8613438407300007,2.5871420713384916,2.552487413478317,0.7586663508613583,52.46785566155122
19:30,21:30,2411,0.7542098714226145,1.9762083481995705,2.3139566828779743,-0.00609012441951563,51.347988386561596
19:30,22:00,2409,0.9191573266915519,1.9385785896627914,1.76113780615744,0.823027853255734,52.718970527189704
19:30,22:30,2409,0.9688044831880362,1.8118555276064263,1.5131003712801203,1.0099439430142756,51.76421751764217
19:30,23:00,2408,0.60589700996676,0.9972710896156672,1.5060630451108172,-0.6642909294967155,50.872093023255815
19:30,23:30,2408,0.7502076411959947,1.1505994419809469,1.5787588809740063,-0.4384059520666784,50.747508305647834
20:00,20:30,2411,-0.06364579012857118,-0.3339394318407857,-0.7239788756783905,0.48617420606115713,49.89630858564911
20:00,21:00,2411,0.4678971381169914,1.6371191239580858,1.3406862520386427,0.9525918337288389,51.01617586063873
20:00,21:30,2411,0.36076316880960557,1.0525176139513592,1.2011167883707001,0.03974201705877456,50.933222729158025
20:00,22:00,2409,0.5208177667081709,1.1797148857883777,0.8269983827701812,0.9420422957202813,51.598173515981735
20:00,22:30,2409,0.5704649232046558,1.1260168246666564,0.6789133271588557,1.117592228657232,51.26608551266085
20:00,23:00,2408,0.20782807308969836,0.3569642189956698,0.7687990962717793,-0.6641368593848895,50.207641196013284
20:00,23:30,2408,0.34898255813953155,0.5560704346026286,0.8853909531905604,-0.43122207825948644,49.75083056478405
20:30,21:00,2411,0.3315429282455628,1.5717017337226145,1.6974205747975744,0.15817142939794007,51.01617586063873
20:30,21:30,2411,0.22440895893817717,0.7831810228351953,1.3808932734711716,-0.7514600056475269,51.05765242637909
20:30,22:00,2409,0.3865711913656995,0.9675375670701921,0.8757324528757211,0.41607883757435793,51.63968451639684
20:30,22:30,2409,0.4362183478621843,0.9287861383861458,0.6972785857698046,0.6661213191450732,51.47364051473641
20:30,23:00,2408,0.07724252491693526,0.14081968618085075,0.78939906206618,-1.1443902815102265,50.207641196013284
20:30,23:30,2408,0.21783637873753212,0.36508907809052976,0.9063688227252737,-0.8419110448326099,49.584717607973424
