entry,exit,n,mean,win,n_tr,m_tr,t_tr,n_te,m_te,t_te
02:00,08:00,1916,1.0102600904662413,51.67014613778706,1260,1.7675859788359731,2.565481599325543,656,-0.4443597560975726,-0.5438961926300241
02:00,08:15,1916,1.5507045929018743,55.01043841336117,1260,2.2289285714285634,3.2650188128977913,656,0.24801829268292924,0.3163268159907013
02:00,08:30,1916,1.7494563326374504,54.54070981210856,1260,2.372705026455036,3.344198973771439,656,0.5523628048780651,0.7310524112728551
02:00,08:45,1916,2.107106819763384,55.37578288100209,1260,2.780251322751302,3.8433925328362735,656,0.8141768292682993,1.0649311891269506
02:00,09:00,1916,1.722181628392488,55.48016701461378,1260,2.244345238095237,2.9760537934609816,656,0.7192454268292823,0.8943619619562376
02:00,09:15,1915,1.8257223672758798,56.39686684073107,1259,2.413171829494294,3.1584413545376306,656,0.6982850609756006,0.8737190406019596
02:00,09:30,1915,1.6864664926022475,56.187989556135776,1259,2.3516944665077917,3.055083258598393,656,0.4097560975609667,0.5044078905823817
02:00,09:45,1915,2.0264751958224467,56.240208877284594,1259,2.63590150913422,3.292271908383109,656,0.856859756097565,1.0001330720626378
02:00,10:00,1915,1.745974760661434,55.822454308093995,1259,2.458015620863097,2.940396706972582,656,0.37942073170732865,0.4295472460403345
02:00,10:15,1915,1.189290687554394,54.9869451697128,1259,1.9858948901244342,2.20906473822756,656,-0.3395579268292651,-0.36676495078492555
02:00,10:30,1915,1.1370713664055647,54.51697127937337,1259,2.005871061689157,2.2592933376681708,656,-0.5303353658536458,-0.5492105314934864
02:00,10:45,1915,1.2091688424717029,53.838120104438644,1259,2.2756420439502096,2.5189208125909577,656,-0.837614329268298,-0.8547872369931999
02:00,11:00,1915,1.297036553524795,54.308093994778076,1259,2.1471008737092903,2.274718687037404,656,-0.3344131097561187,-0.3428663469475487
02:00,11:15,1915,0.8101479547432449,53.838120104438644,1259,1.5397603918453713,1.548027276944348,656,-0.5901295731707449,-0.592400786335897
02:00,11:30,1916,0.8044711203897043,53.07933194154488,1260,1.5339021164021192,1.4630129707515585,656,-0.5965701219512152,-0.5985486774088232
02:00,11:45,1915,0.6618581375108703,54.7780678851175,1259,1.0864244109081154,0.8641015720419742,656,-0.15297256097561032,-0.15085104128526755
02:30,08:00,1916,0.8423364648573364,51.93110647181628,1260,1.5367195767195834,2.3840783775760803,656,-0.4913871951219791,-0.6105265037244266
02:30,08:15,1916,1.3827809672929696,55.37578288100209,1260,1.998062169312174,3.117890697273766,656,0.20099085365852293,0.26063122689793333
02:30,08:30,1916,1.5815327070285456,55.48016701461378,1260,2.1418386243386456,3.1991631078980123,656,0.5053353658536586,0.6806936578388281
02:30,08:45,1916,1.9391831941544797,55.741127348643005,1260,2.549384920634912,3.721197057107318,656,0.7671493902438927,1.018294159316706
02:30,09:00,1916,1.554258002783583,55.42797494780793,1260,2.013478835978847,2.81158260370795,656,0.6722179878048755,0.8495823395515882
02:30,09:15,1915,1.6630504786771014,56.8668407310705,1259,2.1902435795604966,2.9979553366108926,656,0.6512576219511941,0.8337321851335578
02:30,09:30,1915,1.5237946040034687,56.29242819843342,1259,2.128766216573995,2.890894118031611,656,0.3627286585365604,0.4569279351617073
02:30,09:45,1915,1.863803307223668,56.44908616187989,1259,2.412973259200423,3.145705820379007,656,0.8098323170731586,0.9658140201091174
02:30,10:00,1915,1.5833028720626554,55.665796344647525,1259,2.2350873709293,2.7890178403909816,656,0.33239329268292184,0.3836166608748337
02:30,10:15,1915,1.0266187989556153,55.30026109660574,1259,1.7629666401906374,2.022261762536096,656,-0.3865853658536718,-0.42704727646096924
02:30,10:30,1915,0.9743994778067859,54.36031331592689,1259,1.7829428117553596,2.0722449546777937,656,-0.5773628048780525,-0.610075101446356
02:30,10:45,1915,1.0464969538729243,54.882506527415146,1259,2.052713794016413,2.353972081802285,656,-0.8846417682927045,-0.9237644515181704
02:30,11:00,1915,1.1343646649260164,54.51697127937337,1259,1.9241726237754937,2.101773983263186,656,-0.3814405487805252,-0.39994420908228834
02:30,11:15,1915,0.6474760661444656,54.15143603133159,1259,1.316832141911574,1.3622979602713556,656,-0.6371570121951515,-0.6528341728360809
02:30,11:30,1916,0.6365474947807994,54.749478079331936,1260,1.3030357142857298,1.2691730263658112,656,-0.6435975609756212,-0.6588767761537015
02:30,11:45,1915,0.49918624891209207,54.93472584856397,1259,0.8634961609743186,0.6948920930188123,656,-0.20000000000001672,-0.20118777962351053
03:00,08:00,1916,0.8479862560890693,50.88726513569938,1260,1.653961640211649,2.7348722032593717,656,-0.7000762195122261,-0.8886769444362952
03:00,08:15,1916,1.388430758524703,54.07098121085595,1260,2.115304232804239,3.4786437094962803,656,-0.007698170731723712,-0.01026414517902253
03:00,08:30,1916,1.587182498260279,54.95824634655533,1260,2.259080687830711,3.532531076047893,656,0.2966463414634118,0.41460370060525903
03:00,08:45,1916,1.9448329853862127,55.062630480167016,1260,2.666626984126978,4.0648320635945145,656,0.5584603658536461,0.7697523925860439
03:00,09:00,1916,1.5599077940153163,55.2713987473904,1260,2.130720899470913,3.109352820685184,656,0.463528963414629,0.6039062717119255
03:00,09:15,1915,1.6679199303742291,56.919060052219315,1259,2.3063873444532708,3.2916558920701404,656,0.44256859756094735,0.5846277422852909
03:00,09:30,1915,1.5286640557005968,56.39686684073107,1259,2.2449099814667686,3.182454318924078,656,0.15403963414631383,0.19922210471098786
03:00,09:45,1915,1.868672758920796,56.762402088772845,1259,2.5291170240931966,3.4095565993345893,656,0.6011432926829118,0.7405068444298842
03:00,10:00,1915,1.5881723237597838,55.45691906005222,1259,2.3512311358220734,3.035761452172324,656,0.12370426829267514,0.1473029110815373
03:00,10:15,1915,1.0314882506527432,54.7780678851175,1259,1.8791104050834113,2.2117268913826202,656,-0.5952743902439186,-0.6813589280823613
03:00,10:30,1915,0.9792689295039144,54.09921671018276,1259,1.8990865766481337,2.2607394991627023,656,-0.7860518292682991,-0.8585934681168459
03:00,10:45,1915,1.051366405570052,54.25587467362924,1259,2.1688575589091865,2.543256962228352,656,-1.0933307926829512,-1.177692253899428
03:00,11:00,1915,1.1392341166231446,54.62140992167102,1259,2.0403163886682676,2.267696427442794,656,-0.5901295731707726,-0.6386206387901018
03:00,11:15,1915,0.6523455178415941,53.99477806788512,1259,1.4329759068043475,1.5051512493161885,656,-0.8458460365853985,-0.9003026799467706
03:00,11:30,1916,0.6421972860125321,55.16701461377871,1260,1.4202777777777953,1.4011312140206122,656,-0.8522865853658682,-0.9021626437338903
03:00,11:45,1915,0.5040557006092197,55.35248041775457,1259,0.9796399258670917,0.7944902038104023,656,-0.40868902439026367,-0.4247465416509884
03:30,08:00,1915,0.5203916449086146,51.018276762402095,1260,1.2457142857142809,2.228004254240956,655,-0.8748854961832009,-1.172217176434625
03:30,08:15,1915,1.0612880765883395,53.26370757180157,1260,1.7070568783068716,3.046078685645453,655,-0.1809541984732641,-0.2572326704598538
03:30,08:30,1915,1.2601174934726025,54.46475195822455,1260,1.8508333333333433,3.13096889361308,655,0.12377862595423135,0.18570488324705756
03:30,08:45,1915,1.615395996518707,54.56919060052219,1260,2.25837962962961,3.715492494115953,655,0.378511450381703,0.5584397887386416
03:30,09:00,1915,1.2291601392515334,54.36031331592689,1260,1.7224735449735449,2.7094917595150876,655,0.2801908396946883,0.38989210606200325
03:30,09:15,1914,1.3410135841170268,55.956112852664575,1259,1.8993447180301708,2.9139487256981416,655,0.2678244274809241,0.380969584354501
03:30,09:30,1914,1.2003265412748083,55.851619644723094,1259,1.8378673550436682,2.78304741824529,655,-0.025114503816785372,-0.03494870321638454
03:30,09:45,1914,1.541597004528038,55.01567398119123,1259,2.1220743976700964,3.0548599477854284,655,0.42583969465650895,0.5599579204329118
03:30,10:00,1914,1.2613679902472965,54.96342737722048,1259,1.9441885093989733,2.6604276477214843,655,-0.05110687022897912,-0.06445264152395316
03:30,10:15,1914,0.7066657958899393,54.4932079414838,1259,1.4720677786603105,1.8233204052461263,655,-0.7645419847328047,-0.922611945183895
03:30,10:30,1914,0.6528256704980857,53.970741901776385,1259,1.492043950225033,1.8661483319592416,655,-0.9602671755724893,-1.1000851840865555
03:30,10:45,1914,0.7255094043887097,53.60501567398119,1259,1.7618149324860863,2.1774824677721942,655,-1.266412213740446,-1.4338466138545314
03:30,11:00,1914,0.8162965865552045,53.60501567398119,1259,1.633273762245167,1.9032549390931588,655,-0.7540458015267224,-0.8584881828195247
03:30,11:15,1914,0.32797805642632877,53.552769070010456,1259,1.0259332803812475,1.12525101816627,655,-1.013587786259538,-1.1252822881436841
03:30,11:30,1915,0.32008268059182865,54.46475195822455,1260,1.012030423280427,1.0388898928445278,655,-1.010992366412193,-1.1123550872963253
03:30,11:45,1914,0.18140020898641443,54.075235109717866,1259,0.5725972994439917,0.47872143753777424,655,-0.5705343511450214,-0.618776814979976
04:00,08:00,1915,0.48455178416013084,49.92167101827676,1260,0.9687235449735396,1.7972815581105366,655,-0.4468320610687161,-0.6101686311935755
04:00,08:15,1915,1.0254482158398557,53.26370757180157,1260,1.4300661375661299,2.6519471336024103,655,0.24709923664122105,0.3607532706330542
04:00,08:30,1915,1.2242776327241185,53.99477806788512,1260,1.573842592592602,2.76491657959174,655,0.5518320610687163,0.8527325889137731
04:00,08:45,1915,1.5795561357702228,54.46475195822455,1260,1.9813888888888684,3.3629912577818786,655,0.806564885496188,1.2110262184482854
04:00,09:00,1915,1.1933202785030497,54.04699738903395,1260,1.4454828042328032,2.3367626285239504,655,0.7082442748091731,1.0068288966683934
04:00,09:15,1914,1.3108760013932304,55.067920585161964,1259,1.6308313476303815,2.556093592774139,655,0.6958778625954088,1.020812561808134
04:00,09:30,1914,1.1701889585510117,54.12748171368861,1259,1.569353984643879,2.428200880707546,655,0.40293893129769903,0.5766209162208038
04:00,09:45,1914,1.5114594218042412,54.96342737722048,1259,1.8535610272703074,2.721445748528534,655,0.8538931297709939,1.1498227754186714
04:00,10:00,1914,1.2312304075235,54.59770114942529,1259,1.6756751389991846,2.3369368441952347,655,0.37694656488550604,0.48559386558933504
04:00,10:15,1914,0.6765282131661428,54.80668756530825,1259,1.2035544082605216,1.504770472139886,655,-0.3364885496183201,-0.4140130238925141
04:00,10:30,1914,0.6226880877742893,52.87356321839081,1259,1.2235305798252443,1.5392275323098095,655,-0.5322137404580047,-0.6218844613592569
04:00,10:45,1914,0.6953718216649132,51.88087774294671,1259,1.4933015620862975,1.8496942419240783,655,-0.8383587786259615,-0.9689034114765728
04:00,11:00,1914,0.7861590038314081,52.87356321839081,1259,1.364760391845378,1.5927878031262288,655,-0.3259923664122374,-0.38034731198642224
04:00,11:15,1914,0.29784047370253247,52.92580982236154,1259,0.7574199099814584,0.8302397507840701,655,-0.5855343511450529,-0.66022883212472
04:00,11:30,1915,0.2842428198433445,52.689295039164485,1260,0.7350396825396859,0.7551584305317836,655,-0.5829389312977085,-0.6534313194762101
04:00,11:45,1914,0.15126262626261766,52.716823406478575,1259,0.3040839290442027,0.2541869250799667,655,-0.1424809160305365,-0.1573455051260739
04:30,08:00,1916,0.07860125260959464,49.478079331941544,1260,0.70315476190476,1.452348038966428,656,-1.1209984756097775,-1.5673264310139499
04:30,08:15,1916,0.6194676409185751,53.07933194154488,1260,1.1651388888888847,2.3718108781557388,656,-0.4286204268292755,-0.6405705255848363
04:30,08:30,1916,0.8184107515657723,52.8705636743215,1260,1.3092063492063617,2.496874961566207,656,-0.12427591463414006,-0.19883446214752576
04:30,08:45,1916,1.176082985386209,53.914405010438415,1260,1.7167857142856975,3.137751736904236,656,0.13753810975609412,0.21307498798531815
04:30,09:00,1916,0.7905923799582492,53.39248434237995,1260,1.1800198412698437,2.0298865897992915,656,0.04260670731707688,0.06243746893541497
04:30,09:15,1915,0.9012402088772713,54.62140992167102,1259,1.3595512311358118,2.2515255142082564,656,0.021646341463395467,0.032620702591257496
04:30,09:30,1915,0.7615404699738737,53.68146214099217,1259,1.2973987291501037,2.1058222297269,656,-0.26688262195123846,-0.3915068749961828
04:30,09:45,1915,1.1015013054830198,54.412532637075714,1259,1.5815329626687746,2.4427287600521095,656,0.18022103658535998,0.24925079696970145
04:30,10:00,1915,0.820809399477795,53.42036553524804,1259,1.4033558379666216,2.056284874797555,656,-0.2972179878048767,-0.39242873905730796
04:30,10:15,1915,0.2641644908616168,52.637075718015666,1259,0.9312946783161241,1.2115168336746824,656,-1.01619664634147,-1.2802119414709994
04:30,10:30,1915,0.21156657963445838,52.48041775456919,1259,0.9506949960285828,1.2456508901866703,656,-1.206974085365851,-1.4443309026492441
04:30,10:45,1915,0.28288511749345957,51.90600522193212,1259,1.2192811755361277,1.5730628995416143,656,-1.514253048780503,-1.7875419933722247
04:30,11:00,1915,0.37088772845951995,52.84595300261097,1259,1.0909451945988886,1.3224012183315168,656,-1.011051829268324,-1.2041276164207215
04:30,11:15,1915,-0.11558746736293588,51.958224543080945,1259,0.48423351866560227,0.5476692110143482,656,-1.2667682926829502,-1.45778675106639
04:30,11:30,1916,-0.12841858037578055,52.92275574112735,1260,0.4675992063492128,0.4931973260714417,656,-1.2732088414634204,-1.4576445347670541
04:30,11:45,1915,-0.2639817232376075,53.315926892950394,1259,0.030738681493239977,0.026120928185394833,656,-0.8296112804878156,-0.9300774368588907
05:00,08:00,1916,-0.041662317327782285,49.947807933194156,1260,0.44539682539682,1.0068217787130067,656,-0.9771722560975972,-1.4639131545404611
05:00,08:15,1916,0.4992040709811981,52.24425887265136,1260,0.9073809523809447,1.9534724352336725,656,-0.2847942073170951,-0.4594285719659305
05:00,08:30,1916,0.6981471816283957,52.92275574112735,1260,1.0514484126984223,2.052098590097367,656,0.019550304878040617,0.03431570104249339
05:00,08:45,1916,1.0558194154488323,54.592901878914404,1260,1.4590277777777576,2.733859544777702,656,0.28136432926827465,0.47273138061389147
05:00,09:00,1916,0.6703288100208722,53.28810020876826,1260,0.9222619047619035,1.6306484685982916,656,0.18643292682925747,0.2953463615504002
05:00,09:15,1915,0.7815274151435826,54.36031331592689,1259,1.1025218427323138,1.8589308552576909,656,0.16547256097557606,0.2713397312630663
05:00,09:30,1915,0.6418276762401851,53.838120104438644,1259,1.0403693407466057,1.7097305301088548,656,-0.1230564024390577,-0.1936264496168209
05:00,09:45,1915,0.9817885117493313,54.83028720626631,1259,1.3245035742652764,2.067127327179988,656,0.3240472560975405,0.47935950012116907
05:00,10:00,1915,0.7010966057441063,54.20365535248042,1259,1.1463264495631234,1.6901109874347617,656,-0.15339176829269627,-0.21544515216471274
05:00,10:15,1915,0.14445169712792807,53.99477806788512,1259,0.6742652899126262,0.871668414953556,656,-0.8723704268292898,-1.1552426296503464
05:00,10:30,1915,0.0918537859007698,52.74151436031331,1259,0.6936656076250847,0.9077266597904762,656,-1.0631478658536704,-1.3280797737143761
05:00,10:45,1915,0.16317232375977112,52.375979112271544,1259,0.9622517871326297,1.241082799727533,656,-1.3704268292683226,-1.6817847730388606
05:00,11:00,1915,0.2511749347258312,54.09921671018276,1259,0.8339158061953907,1.0070098779079106,656,-0.8672256097561432,-1.0746732610253202
05:00,11:15,1915,-0.23530026109662433,53.36814621409922,1259,0.2272041302621041,0.25480233470485286,656,-1.1229420731707689,-1.3444996730834569
05:00,11:30,1916,-0.24868215031315746,52.45302713987474,1260,0.20984126984127244,0.21915344790069063,656,-1.1293826219512395,-1.3458873440251051
05:00,11:45,1915,-0.3836945169712963,53.054830287206265,1259,-0.22629070691025877,-0.18941118590988337,656,-0.685785060975635,-0.7975691631467406
05:30,08:00,1915,-0.6468146214099325,47.362924281984334,1259,-0.4465845909451962,-1.122526496359914,656,-1.0310975609756377,-1.6595550227631921
05:30,08:15,1915,-0.10741514360314078,50.13054830287206,1259,0.013105639396342333,0.03102755852805002,656,-0.33871951219513563,-0.5860910508045196
05:30,08:30,1915,0.09101827676241044,51.38381201044386,1259,0.15635424940430215,0.33040652648088886,656,-0.03437500000000028,-0.06543374547970789
05:30,08:45,1915,0.44845953002609545,52.16710182767624,1259,0.5636219221604286,1.1353650559936215,656,0.22743902439023383,0.4114692223510977
05:30,09:00,1915,0.06053524804177626,51.07049608355091,1259,0.023034154090550943,0.04372365190304763,656,0.1325076219512167,0.2241129369306227
05:30,09:15,1914,0.16964472309298367,52.66457680250783,1258,0.19994038155801894,0.35888668569580556,656,0.11154725609753517,0.19362989567220407
05:30,09:30,1914,0.03096917450363878,53.396029258098224,1258,0.13940779014306925,0.24218748601860257,656,-0.17698170731709834,-0.2915211054372166
05:30,09:45,1914,0.37338035527689656,54.44096133751306,1258,0.427225755166922,0.7002584205874667,656,0.2701219512194999,0.41705316722540836
05:30,10:00,1914,0.0858803552768933,53.657262277951936,1258,0.23877186009537144,0.3669664695972857,656,-0.20731707317073708,-0.30371994670050084
05:30,10:15,1914,-0.46624869383490464,52.92580982236154,1258,-0.22635135135134973,-0.3014662236729812,656,-0.9262957317073307,-1.2756316376085668
05:30,10:30,1914,-0.5170193312434772,51.619644723092996,1258,-0.2041136724960359,-0.27623992921038876,656,-1.1170731707317112,-1.4510156403314123
05:30,10:45,1914,-0.44320794148381876,51.619644723092996,1258,0.06842209856914631,0.09100042082255219,656,-1.4243521341463634,-1.8069502599618816
05:30,11:00,1914,-0.35445402298851747,52.40334378265413,1258,-0.05894276629570574,-0.07316896405955071,656,-0.9211509146341841,-1.1753564348364611
05:30,11:15,1914,-0.8422544409613509,51.35841170323929,1258,-0.6677662957074768,-0.7660888241155344,656,-1.1768673780488104,-1.4484453385046037
05:30,11:30,1915,-0.8558877284595297,51.592689295039165,1259,-0.6852859412231862,-0.7286070336661843,656,-1.1833079268292805,-1.4469370752506252
05:30,11:45,1914,-0.9915360501567515,51.56739811912225,1258,-1.122853736089039,-0.9510157944689265,656,-0.7397103658536757,-0.8818483432630855
06:00,08:00,2185,1.5353928299008386,56.61327231121282,1438,1.3740843764487771,3.728634506571741,747,1.8459170013386748,3.1822408265956534
06:00,08:15,2185,1.884530892448513,60.045766590389015,1438,1.6070062586926293,4.142394166527097,747,2.4187751004016054,4.535449090509511
06:00,08:30,2185,2.070591151792537,60.13729977116705,1438,1.7617640241075667,4.04910055668755,747,2.665093708166012,5.467036923137777
06:00,08:45,2185,2.3534401220442356,60.961098398169334,1438,2.0549837737598438,4.495954815398664,747,2.9279785809906276,5.768545856416705
06:00,09:00,2185,1.9068688024408897,58.306636155606405,1438,1.425718590635143,2.91185522183078,747,2.8330990629183495,5.2308844199713365
06:00,09:15,2184,2.008646214896211,57.78388278388278,1437,1.6230398979355094,3.0770752311093794,747,2.7504350736278416,5.158512202162827
06:00,09:30,2184,1.8866834554334453,56.776556776556774,1437,1.533118765947563,2.816769416209145,747,2.5668340026773717,4.50555858372917
06:00,09:45,2184,2.2420902014652007,57.6007326007326,1437,1.8583333333333318,3.2604750287586435,747,2.980321285140562,4.882150283772652
06:00,10:00,2184,1.8458714896214847,57.6007326007326,1437,1.572744142890268,2.580731188412902,747,2.371285140562259,3.667620509388902
06:00,10:15,2184,1.3611568986569011,55.723443223443226,1437,1.1729239155648346,1.6868909901603077,747,1.723259705488628,2.5216089007561773
06:00,10:30,2184,1.3691315628815621,55.311355311355314,1437,1.2535548596613266,1.8093872209840194,747,1.5914658634538215,2.2018666446950133
06:00,10:45,2184,1.3155715811965727,54.94505494505495,1437,1.369229877058677,1.9316859149320262,747,1.212349397590356,1.6306658705646992
06:00,11:00,2184,1.4364926739926658,56.18131868131868,1437,1.3227035490605386,1.7561637315405885,747,1.65538821954483,2.2513877955630632
06:00,11:15,2184,0.9654990842490785,55.082417582417584,1437,0.7892136395267906,0.9774624446861304,747,1.3046184738955682,1.706165050321889
06:00,11:30,2185,1.0325095347063378,55.10297482837528,1438,0.8535176170607417,0.9851977813378638,747,1.3770749665328001,1.7859011309722659
06:00,11:45,2184,0.9447000915750896,54.07509157509157,1437,0.4875260960334015,0.4537828966088534,747,1.8241633199464486,2.3155840994094556
06:30,08:00,2192,0.43423813868612243,53.23905109489051,1445,-0.07600346020761307,-0.24566666292853032,747,1.4212516733600815,2.5480486801092455
06:30,08:15,2192,0.7795088199513299,56.34124087591241,1445,0.15161476355247336,0.4420970345126733,747,1.9941097724230126,3.928325198057662
06:30,08:30,2192,0.9796342761557207,56.15875912408759,1445,0.3278604382929671,0.7884359726113015,747,2.2404283801874194,4.828131840169245
06:30,08:45,2192,1.274901155717746,57.34489051094891,1445,0.6398673587081722,1.482133360057118,747,2.503313253012035,5.065669789260439
06:30,09:00,2192,0.8293377433089975,55.65693430656934,1445,0.013016147635518074,0.02807609581599848,747,2.4084337349397567,4.5489928655635845
06:30,09:15,2191,0.9369884375475314,54.86079415791876,1444,0.21855378578023021,0.42944374911405614,747,2.3257697456492483,4.442203037169375
06:30,09:30,2191,0.809573254221798,54.769511638521216,1444,0.12020429362878952,0.22757951258735507,747,2.1421686746987785,3.864738947823881
06:30,09:45,2191,1.1593260307317717,55.72797809219534,1444,0.4369863804247375,0.7871262069299888,747,2.555655957161969,4.251359858634153
06:30,10:00,2191,0.7588201734367738,54.632587859424916,1444,0.14435595567865103,0.24235451614995743,747,1.9466198125836662,3.0340686395031233
06:30,10:15,2191,0.28492317054616895,53.99361022364217,1444,-0.23946214219760403,-0.3448304693998351,747,1.2985943775100353,1.922278500940768
06:30,10:30,2191,0.2823710634413412,53.08078502966682,1444,-0.17515581717452725,-0.25645390568283216,747,1.1668005354752284,1.6345474067348171
06:30,10:45,2191,0.22311729803740996,53.582838886353265,1444,-0.06894044321331172,-0.09838273630044066,747,0.787684069611763,1.0728076696391824
06:30,11:00,2191,0.34364065114862286,54.769511638521216,1444,-0.11525854108957496,-0.15425105452883903,747,1.230722891566237,1.7015254872336818
06:30,11:15,2191,-0.12151224707136585,53.40027384755819,1444,-0.6395833333333405,-0.7921721259656771,747,0.8799531459169753,1.1598961220497395
06:30,11:30,2192,-0.06640815085158283,52.87408759124088,1445,-0.5930911188004588,-0.68094011143486,747,0.952409638554207,1.2554878052784466
06:30,11:45,2191,-0.14624220295147863,53.26335006846189,1444,-0.9458737303785862,-0.868074153971506,747,1.3994979919678556,1.8046365431746467
07:00,08:00,2400,0.9453437499999935,56.625,1580,0.410617088607592,1.4434933584232585,820,1.9756707317073026,3.9910474108090646
07:00,08:15,2400,1.3143680555555521,58.62500000000001,1580,0.5050210970464041,1.5243776837216805,820,2.8738414634146427,6.073774268731983
07:00,08:30,2400,1.4319826388888957,60.25,1580,0.4788818565400862,1.1746839105067535,820,3.268445121951236,7.292944576710954
07:00,08:45,2400,1.7293576388888807,59.08333333333333,1580,0.7660337552742484,1.8093089182515605,820,3.585518292682928,7.783921351270128
07:00,09:00,2400,1.2861701388888884,57.41666666666667,1580,0.18511603375526667,0.414950178646326,820,3.4077134146341588,6.95183481228572
07:00,09:15,2399,1.3540398777268252,57.19049604001667,1579,0.3503113785095999,0.7061413194496995,820,3.286829268292677,6.6723214818523955
07:00,09:30,2399,1.2483951646519271,56.06502709462276,1579,0.24441101963266337,0.4802669945024029,820,3.18167682926829,6.205299222139445
07:00,09:45,2399,1.551629151035149,57.690704460191746,1579,0.5110249102807609,0.946606744453608,820,3.555426829268294,6.407813579739565
07:00,10:00,2399,1.1409337223843197,56.60691954981242,1579,0.22816656111461314,0.3971229430844805,820,2.898567073170742,4.860263765215186
07:00,10:15,2399,0.7191294984021118,55.85660691954981,1579,-0.11985961579059044,-0.17847451264949402,820,2.33469512195123,3.665708657396048
07:00,10:30,2399,0.7312734472696907,54.439349729053774,1579,-0.06765357821407396,-0.10241673564730026,820,2.2696951219512322,3.3694374966956113
07:00,10:45,2399,0.6697165485618909,54.23092955398082,1579,0.043302723242543896,0.06400290150624016,820,1.875945121951219,2.6730058777803123
07:00,11:00,2399,0.8093754342086902,55.606502709462276,1579,0.09931391175849077,0.13841105189327077,820,2.1766768292682817,2.9598022868996474
07:00,11:15,2399,0.33268723079059975,53.89745727386411,1579,-0.44424213637323967,-0.5745037186619293,820,1.8287499999999928,2.3060936642365606
07:00,11:30,2400,0.37415972222222604,53.708333333333336,1580,-0.4538396624472557,-0.5467035734314749,820,1.9695731707317152,2.5829315896669423
07:00,11:45,2399,0.2927712935945498,54.23092955398082,1579,-0.7534937724298161,-0.7309184660740285,820,2.307469512195127,2.9674540463062566
07:30,08:00,2400,-0.3345833333333441,49.916666666666664,1580,-0.5885284810126684,-3.013880338672429,820,0.15472560975608582,0.41215040649577267
07:30,08:15,2400,0.02594097222221502,52.916666666666664,1580,-0.5070358649789194,-1.932367237346488,820,1.0528963414634256,3.1006600912479474
07:30,08:30,2400,0.14889930555555858,54.541666666666664,1580,-0.5250580168776424,-1.5059008630836603,820,1.447500000000019,4.581140943673211
07:30,08:45,2400,0.4465659722222097,54.666666666666664,1580,-0.23746308016879691,-0.6416826789324378,820,1.7645731707317105,4.949521877280394
07:30,09:00,2400,0.0034201388888844045,51.916666666666664,1580,-0.8183175105485382,-2.059398455006404,820,1.5867682926829423,4.003226198241424
07:30,09:15,2399,0.07183896067805083,52.355147978324304,1579,-0.6521110407430992,-1.4460354229087986,820,1.4658841463414602,3.4978398449948958
07:30,09:30,2399,-0.033878699458122746,52.98040850354314,1579,-0.7581222292590476,-1.6215605437430174,820,1.3607317073170728,2.959937436309662
07:30,09:45,2399,0.26938654995136,53.27219674864527,1579,-0.49146084019423086,-0.97388467937892,820,1.7344817073170766,3.468937038925167
07:30,10:00,2399,-0.14299708211756057,51.89662359316382,1579,-0.7768841038632289,-1.4355842449276504,820,1.0776219512195253,2.002173060532088
07:30,10:15,2399,-0.5651139363623774,51.229679032930385,1579,-1.1253852649356264,-1.7631843342643618,820,0.5137500000000129,0.894473582393875
07:30,10:30,2399,-0.5524489370571163,51.43809920800333,1579,-1.0723875870804527,-1.7138163283018863,820,0.44875000000001514,0.7323214356219954
07:30,10:45,2399,-0.6140892038349456,51.10462692788662,1579,-0.96155794806842,-1.484125022096696,820,0.055000000000001555,0.08509445651256349
07:30,11:00,2399,-0.47668125607893347,52.10504376823677,1579,-0.9089666455562724,-1.3160956425725259,820,0.3557317073170639,0.5116284685567393
07:30,11:15,2399,-0.9521502014728476,50.27094622759483,1579,-1.450670255435945,-1.9373605871144925,820,0.007804878048775469,0.010348408268746775
07:30,11:30,2400,-0.9092881944444444,51.29166666666667,1580,-1.4583333333333388,-1.808803723178822,820,0.1486280487804978,0.20478542554254844
07:30,11:45,2399,-0.9900444629706903,51.64651938307628,1579,-1.7568503272113312,-1.7485465964840778,820,0.4865243902439097,0.6629061518296642
08:00,08:15,2401,0.16918297931417828,52.01999167013744,1580,-0.10559599156118789,-0.5508527033670865,821,0.6979902557856504,3.9080835488657066
08:00,08:30,2401,0.2864986811051089,53.06122448979592,1580,-0.13173523206750604,-0.4749345703055381,821,1.0913824604141609,4.10133121503032
08:00,08:45,2401,0.5843016798556142,53.727613494377344,1580,0.15541666666665638,0.49555350716306756,821,1.4096833130329018,4.407566669243501
08:00,09:00,2401,0.1403512425378379,51.645147855060394,1580,-0.4255010548523253,-1.2322381682723582,821,1.2293239951279202,3.7804560287276314
08:00,09:15,2400,0.20795486111111242,52.95833333333333,1579,-0.2624340299767812,-0.6399172051423674,821,1.1126370280146256,2.700246364748886
08:00,09:30,2400,0.10149999999999594,53.625,1579,-0.3683343888537175,-0.8564085199738783,821,1.0051157125456884,2.2364855141257975
08:00,09:45,2400,0.40560763888889123,53.5,1579,-0.10172049820561993,-0.21736358661019473,821,1.3813337393422809,2.8994604476885693
08:00,10:00,2400,-0.004562500000000113,52.75,1579,-0.384578847371768,-0.7543497172220871,821,0.7263093788063595,1.3963441015288247
08:00,10:15,2400,-0.427586805555549,51.33333333333333,1579,-0.7326050242769714,-1.2140071240681582,821,0.1590438489647015,0.2813387807632184
08:00,10:30,2400,-0.41556249999999845,51.416666666666664,1579,-0.6803989867004551,-1.1384046690362117,821,0.09378806333742032,0.15853602664238609
08:00,10:45,2400,-0.4789687500000033,51.5,1579,-0.5694426852438375,-0.9149015837904821,821,-0.30496345919608886,-0.4961853389989491
08:00,11:00,2400,-0.3371597222222237,51.16666666666667,1579,-0.5134314967278901,-0.7752761084986516,821,0.001857490864801421,0.002840538828264779
08:00,11:15,2400,-0.8131805555555561,51.16666666666667,1579,-1.0569875448596209,-1.4812355743747148,821,-0.3442752740560218,-0.4869754678098313
08:00,11:30,2401,-0.7689365542135116,51.14535610162433,1580,-1.064456751054848,-1.3863373183729877,821,-0.20021315468938092,-0.29389026295319015
08:00,11:45,2400,-0.8517152777777746,51.29166666666667,1579,-1.3662391809161971,-1.4249449812771544,821,0.13785018270403948,0.20163291944751072
08:30,08:45,2401,0.0978029987505053,49.02124114952103,1580,0.08715189873416251,0.5895448228597144,821,0.11830085261874104,0.7778685901631069
08:30,09:00,2401,-0.346147438567271,47.02207413577676,1580,-0.49376582278481923,-2.282730487399902,821,-0.0620584652862403,-0.3056832356046926
08:30,09:15,2400,-0.27570486111112347,49.625,1579,-0.326118851593843,-1.0264109724010873,821,-0.17874543239953503,-0.6054435393274936
08:30,09:30,2400,-0.38215972222224004,49.333333333333336,1579,-0.43201921047077935,-1.256733743876531,821,-0.28626674786847217,-0.8026480654791701
08:30,09:45,2400,-0.07805208333334486,50.29166666666667,1579,-0.16540531982268175,-0.4267920065606287,821,0.08995127892812024,0.22380268496975722
08:30,10:00,2400,-0.48822222222223616,50.74999999999999,1579,-0.44826366898882974,-1.0291428755205756,821,-0.5650730816078012,-1.2342114865719618
08:30,10:15,2400,-0.9112465277777853,49.75,1579,-0.7962898458940333,-1.5943935771832527,821,-1.1323386114494591,-2.2652604024161924
08:30,10:30,2400,-0.8992222222222345,48.16666666666667,1579,-0.744083808317517,-1.4288783894890191,821,-1.1975943970767406,-2.2269007923446917
08:30,10:45,2400,-0.9626284722222394,48.45833333333333,1579,-0.6331275068608992,-1.1337630337746523,821,-1.59634591961025,-2.7983515569028072
08:30,11:00,2400,-0.8208194444444596,49.0,1579,-0.5771163183449524,-0.9717599997498615,821,-1.2895249695493591,-2.0925949874930656
08:30,11:15,2400,-1.296840277777792,49.333333333333336,1579,-1.1206723664766827,-1.7814772680224191,821,-1.6356577344701824,-2.4159087967675146
08:30,11:30,2401,-1.2554352353186204,49.22948771345273,1580,-1.1327215189873416,-1.6794464240901839,821,-1.4915956151035419,-2.300963253350729
08:30,11:45,2400,-1.3353750000000109,49.75,1579,-1.429924002533259,-1.7087694258663362,821,-1.1535322777101216,-1.7596289540699332
