date,dom,lab,np_,gross,net
2012-11-15 00:00:00+09:00,15,15,4,-0.09999820745284771,-0.10133154078618105
2012-11-20 00:00:00+09:00,20,20,4,0.11057668497819195,0.10924335164485861
2012-11-30 00:00:00+09:00,30,月末,4,0.42671464110885515,0.4253813077755218
2012-12-05 00:00:00+09:00,5,5,4,0.04639137715342634,0.045058043820093006
2012-12-10 00:00:00+09:00,10,10,4,-0.0817352861087084,-0.08306861944204173
2012-12-15 00:00:00+09:00,15,15,4,0.021762111879522483,0.02042877854618915
2012-12-20 00:00:00+09:00,20,20,4,-0.4168133733271573,-0.41814670666049064
2012-12-31 00:00:00+09:00,31,月末,4,0.1383883387276963,0.13705500539436297
2013-01-05 00:00:00+09:00,5,5,4,0.0049459476957086634,0.0036126143623753304
2013-01-10 00:00:00+09:00,10,10,4,0.22006419003857136,0.21873085670523804
2013-01-15 00:00:00+09:00,15,15,4,0.29503507140252183,0.2937017380691885
2013-01-25 00:00:00+09:00,25,25,4,0.4656591397120602,0.46432580637872684
2013-01-31 00:00:00+09:00,31,月末,4,-0.07309436543739833,-0.07442769877073167
2013-02-05 00:00:00+09:00,5,5,4,0.14021913601832137,0.13888580268498804
2013-02-15 00:00:00+09:00,15,15,4,-0.2642691924817142,-0.26560252581504756
2013-02-20 00:00:00+09:00,20,20,4,0.37206813980735776,0.3707348064740244
2013-02-25 00:00:00+09:00,25,25,4,-0.21448843037815413,-0.21582176371148745
2013-02-28 00:00:00+09:00,28,月末,4,0.9014228046100026,0.9000894712766693
2013-03-05 00:00:00+09:00,5,5,4,0.32855875683588387,0.3272254235025505
2013-03-15 00:00:00+09:00,15,15,4,-0.024428845950258404,-0.025762179283591737
2013-03-20 00:00:00+09:00,20,20,4,-0.13279038717227964,-0.13412372050561297
2013-03-25 00:00:00+09:00,25,25,4,0.47546928702101865,0.4741359536876853
2013-04-05 00:00:00+09:00,5,5,4,0.6929152165036534,0.6915818831703201
2013-04-10 00:00:00+09:00,10,10,4,-0.380662792775216,-0.3819961261085493
2013-04-15 00:00:00+09:00,15,15,4,0.15309167261664536,0.15175833928331203
2013-04-20 00:00:00+09:00,20,20,4,-0.09055636603421402,-0.09188969936754736
2013-04-25 00:00:00+09:00,25,25,4,0.13079487952817326,0.12946154619483993
2013-04-30 00:00:00+09:00,30,月末,4,-0.020957605216548325,-0.022290938549881657
2013-05-10 00:00:00+09:00,10,10,4,0.6979048110420938,0.6965714777087605
2013-05-15 00:00:00+09:00,15,15,4,0.0015063708421692024,0.00017303750883586907
2013-05-20 00:00:00+09:00,20,20,4,0.10130423138950406,0.09997089805617072
2013-05-25 00:00:00+09:00,25,25,4,0.1989591258853063,0.19762579255197296
2013-05-31 00:00:00+09:00,31,月末,4,0.07937740642778301,0.07804407309444968
2013-06-05 00:00:00+09:00,5,5,4,0.0539446124074916,0.05261127907415827
2013-06-10 00:00:00+09:00,10,10,4,0.22763695299057862,0.2263036196572453
2013-06-15 00:00:00+09:00,15,15,4,-0.333456241481106,-0.33478957481443933
2013-06-20 00:00:00+09:00,20,20,4,-0.23699887751911786,-0.23833221085245118
2013-06-25 00:00:00+09:00,25,25,4,0.20590830755096157,0.20457497421762824
2013-07-05 00:00:00+09:00,5,5,4,0.3775720609623001,0.37623872762896676
2013-07-10 00:00:00+09:00,10,10,4,0.11120267451485144,0.1098693411815181
2013-07-15 00:00:00+09:00,15,15,4,-0.0017206227599125823,-0.0030539560932459154
2013-07-20 00:00:00+09:00,20,20,4,0.31557887005079777,0.3142455367174644
2013-07-25 00:00:00+09:00,25,25,4,-0.1034403983065868,-0.10477373163992014
2013-07-31 00:00:00+09:00,31,月末,4,0.01699120337635418,0.015657870043020848
2013-08-05 00:00:00+09:00,5,5,4,-0.2621969051610801,-0.2635302384944134
2013-08-10 00:00:00+09:00,10,10,4,-0.19403552532639978,-0.1953688586597331
2013-08-15 00:00:00+09:00,15,15,4,0.045224601728779956,0.043891268395446624
2013-08-20 00:00:00+09:00,20,20,4,0.080968906850995,0.07963557351766166
2013-08-31 00:00:00+09:00,31,月末,4,-0.03417512676272272,-0.03550846009605605
2013-09-05 00:00:00+09:00,5,5,4,-0.07998727941642969,-0.08132061274976303
2013-09-10 00:00:00+09:00,10,10,4,0.01763741736631186,0.016304084032978526
2013-09-20 00:00:00+09:00,20,20,4,0.19680613257643254,0.1954727992430992
2013-09-25 00:00:00+09:00,25,25,4,-0.1670845778129787,-0.16841791114631202
2013-09-30 00:00:00+09:00,30,月末,4,-0.040023842184289116,-0.04135717551762245
2013-10-05 00:00:00+09:00,5,5,4,0.032779232017249305,0.03144589868391597
2013-10-10 00:00:00+09:00,10,10,4,0.17357938442803533,0.172246051094702
2013-10-15 00:00:00+09:00,15,15,4,0.051335146331701886,0.050001812998368554
2013-10-25 00:00:00+09:00,25,25,4,-0.14791858003787572,-0.14925191337120905
2013-10-31 00:00:00+09:00,31,月末,4,-0.035369767856477385,-0.03670310118981072
2013-11-05 00:00:00+09:00,5,5,4,-0.332605646690981,-0.3339389800243144
2013-11-15 00:00:00+09:00,15,15,4,0.22710520177076643,0.2257718684374331
2013-11-20 00:00:00+09:00,20,20,4,-0.10428982160740896,-0.1056231549407423
2013-11-25 00:00:00+09:00,25,25,4,0.3760716930415464,0.37473835970821306
2013-11-30 00:00:00+09:00,30,月末,4,-0.05236831581401091,-0.053701649147344245
2013-12-05 00:00:00+09:00,5,5,4,0.3302224441908641,0.32888911085753075
2013-12-10 00:00:00+09:00,10,10,4,0.03348832451544048,0.03215499118210715
2013-12-20 00:00:00+09:00,20,20,4,0.13395597621987665,0.13262264288654332
2013-12-31 00:00:00+09:00,31,月末,4,-0.21559225971770624,-0.21692559305103956
2014-01-10 00:00:00+09:00,10,10,4,0.17198647874429596,0.17065314541096263
2014-01-15 00:00:00+09:00,15,15,4,0.0886358105600199,0.08730247722668656
2014-01-20 00:00:00+09:00,20,20,4,-0.3584714807561812,-0.35980481408951454
2014-01-25 00:00:00+09:00,25,25,4,-0.2738118145501761,-0.27514514788350947
2014-01-31 00:00:00+09:00,31,月末,4,0.12828317257714272,0.1269498392438094
2014-02-05 00:00:00+09:00,5,5,4,-0.14954349170124281,-0.15087682503457614
2014-02-10 00:00:00+09:00,10,10,4,-0.13551765285952644,-0.13685098619285976
2014-02-15 00:00:00+09:00,15,15,4,-0.029116679422108716,-0.030450012755442048
2014-02-20 00:00:00+09:00,20,20,4,-0.5658731640568487,-0.567206497390182
2014-02-25 00:00:00+09:00,25,25,4,-0.06631385656648559,-0.06764718989981892
2014-02-28 00:00:00+09:00,28,月末,4,-0.20000424501264713,-0.20133757834598046
2014-03-05 00:00:00+09:00,5,5,4,-0.011743515045506414,-0.013076848378839748
2014-03-10 00:00:00+09:00,10,10,4,-0.13659231778782865,-0.13792565112116198
2014-03-15 00:00:00+09:00,15,15,4,0.13892475826089434,0.13759142492756102
2014-03-20 00:00:00+09:00,20,20,4,-0.1304588806367052,-0.1317922139700385
2014-03-25 00:00:00+09:00,25,25,4,0.0072420097929071225,0.0059086764595737895
2014-03-31 00:00:00+09:00,31,月末,4,-0.02564910173523116,-0.026982435068564493
2014-04-05 00:00:00+09:00,5,5,4,0.02628346318302721,0.02495012984969388
2014-04-10 00:00:00+09:00,10,10,4,0.28357459149435105,0.2822412581610177
2014-04-15 00:00:00+09:00,15,15,4,0.09858852077884728,0.09725518744551394
2014-04-25 00:00:00+09:00,25,25,4,0.10586157036673871,0.10452823703340537
2014-04-30 00:00:00+09:00,30,月末,4,-0.08525971458263337,-0.08659304791596671
2014-05-05 00:00:00+09:00,5,5,4,-0.4067864629783202,-0.40811979631165357
2014-05-10 00:00:00+09:00,10,10,4,0.11873439933318686,0.11740106599985352
2014-05-15 00:00:00+09:00,15,15,4,0.06810633773713937,0.06677300440380603
2014-05-20 00:00:00+09:00,20,20,4,0.18010859685175518,0.17877526351842185
2014-05-31 00:00:00+09:00,31,月末,4,0.06542965618068775,0.0640963228473544
2014-06-05 00:00:00+09:00,5,5,4,-0.1602542088808001,-0.16158754221413343
2014-06-10 00:00:00+09:00,10,10,4,-0.11382149191280222,-0.11515482524613556
2014-06-20 00:00:00+09:00,20,20,4,-0.04002523972126415,-0.04135857305459748
2014-06-25 00:00:00+09:00,25,25,4,-0.08295470817661355,-0.08428804150994688
2014-06-30 00:00:00+09:00,30,月末,4,-0.1503165137727358,-0.15164984710606913
2014-07-05 00:00:00+09:00,5,5,4,-0.013331232721155994,-0.014664566054489328
2014-07-10 00:00:00+09:00,10,10,4,-0.02244526870491259,-0.023778602038245923
2014-07-15 00:00:00+09:00,15,15,4,0.03330761166091545,0.031974278327582116
2014-07-25 00:00:00+09:00,25,25,4,-0.04281492750383975,-0.04414826083717308
2014-07-31 00:00:00+09:00,31,月末,4,-0.08568439895099422,-0.08701773228432756
2014-08-05 00:00:00+09:00,5,5,4,0.022790900901287214,0.021457567567953882
2014-08-15 00:00:00+09:00,15,15,4,0.02598056402539628,0.024647230692062948
2014-08-20 00:00:00+09:00,20,20,4,0.0380777511792163,0.03674441784588297
2014-08-25 00:00:00+09:00,25,25,4,0.021658564095874966,0.020325230762541634
2014-09-05 00:00:00+09:00,5,5,4,0.058742951999460336,0.057409618666127
2014-09-10 00:00:00+09:00,10,10,4,0.019175062796944475,0.017841729463611143
2014-09-15 00:00:00+09:00,15,15,4,-0.11295380606868577,-0.11428713940201911
2014-09-20 00:00:00+09:00,20,20,4,0.0073825399529575675,0.006049206619624234
2014-09-25 00:00:00+09:00,25,25,4,0.11043121072026041,0.10909787738692707
2014-09-30 00:00:00+09:00,30,月末,4,-0.1161582362045055,-0.11749156953783883
2014-10-10 00:00:00+09:00,10,10,4,0.07212112301967499,0.07078778968634165
2014-10-15 00:00:00+09:00,15,15,4,0.09581432026285475,0.09448098692952141
2014-10-20 00:00:00+09:00,20,20,4,0.20025389830808926,0.19892056497475594
2014-10-25 00:00:00+09:00,25,25,4,0.07246874549207416,0.07113541215874082
2014-10-31 00:00:00+09:00,31,月末,4,-0.044914798781317544,-0.046248132114650876
2014-11-05 00:00:00+09:00,5,5,4,0.07803493371833503,0.07670160038500169
2014-11-10 00:00:00+09:00,10,10,4,-0.08631425641986157,-0.08764758975319491
2014-11-15 00:00:00+09:00,15,15,4,-0.007984579416533966,-0.0093179127498673
2014-11-20 00:00:00+09:00,20,20,4,0.25599500276181075,0.2546616694284774
2014-11-25 00:00:00+09:00,25,25,4,-0.2595734108963854,-0.26090674422971877
2014-12-05 00:00:00+09:00,5,5,4,0.014352721770319321,0.013019388436985987
2014-12-10 00:00:00+09:00,10,10,4,0.0415675319366593,0.040234198603325964
2014-12-15 00:00:00+09:00,15,15,4,-0.11370943315818505,-0.11504276649151839
2014-12-20 00:00:00+09:00,20,20,4,-0.06529007282591315,-0.06662340615924649
2014-12-31 00:00:00+09:00,31,月末,4,0.09199017901553308,0.09065684568219974
2015-01-05 00:00:00+09:00,5,5,4,-0.05423881227760996,-0.05557214561094329
2015-01-10 00:00:00+09:00,10,10,4,-0.03249098239571091,-0.03382431572904424
2015-01-15 00:00:00+09:00,15,15,4,0.6584241392100176,0.6570908058766843
2015-01-20 00:00:00+09:00,20,20,4,0.1288689262782916,0.12753559294495828
2015-01-31 00:00:00+09:00,31,月末,4,0.0907178475399728,0.08938451420663947
2015-02-05 00:00:00+09:00,5,5,4,-0.5465523275839629,-0.5478856609172962
2015-02-10 00:00:00+09:00,10,10,4,-0.19309456256235702,-0.19442789589569034
2015-02-20 00:00:00+09:00,20,20,4,0.06504181547974941,0.06370848214641607
2015-02-25 00:00:00+09:00,25,25,4,-0.01417981973396154,-0.015513153067294875
2015-02-28 00:00:00+09:00,28,月末,4,-0.0918465579369171,-0.09317989127025043
2015-03-05 00:00:00+09:00,5,5,4,0.03117851677010841,0.02984518343677508
2015-03-10 00:00:00+09:00,10,10,4,-0.13690846025186665,-0.13824179358519997
2015-03-20 00:00:00+09:00,20,20,4,0.13151168039190475,0.13017834705857143
2015-03-25 00:00:00+09:00,25,25,4,0.08666014963238378,0.08532681629905044
2015-03-31 00:00:00+09:00,31,月末,4,0.0509800046412906,0.04964667130795727
2015-04-10 00:00:00+09:00,10,10,4,0.09516547168831047,0.09383213835497713
2015-04-15 00:00:00+09:00,15,15,4,-0.015450664556199145,-0.016783997889532477
2015-04-20 00:00:00+09:00,20,20,4,0.13269680323722555,0.13136346990389222
2015-04-25 00:00:00+09:00,25,25,4,0.07855549636681669,0.07722216303348335
2015-04-30 00:00:00+09:00,30,月末,4,0.05713766392299313,0.0558043305896598
2015-05-05 00:00:00+09:00,5,5,4,-0.05699631581083664,-0.05832964914416997
2015-05-15 00:00:00+09:00,15,15,4,0.1212725025708572,0.11993916923752386
2015-05-20 00:00:00+09:00,20,20,4,0.12186213961563053,0.12052880628229719
2015-05-25 00:00:00+09:00,25,25,4,0.04786423073296353,0.0465308973996302
2015-06-05 00:00:00+09:00,5,5,4,0.04352199471386875,0.04218866138053542
2015-06-10 00:00:00+09:00,10,10,4,0.06671786785120704,0.0653845345178737
2015-06-15 00:00:00+09:00,15,15,4,0.18105073194636112,0.1797173986130278
2015-06-20 00:00:00+09:00,20,20,4,0.04070591124711587,0.039372577913782535
2015-06-25 00:00:00+09:00,25,25,4,0.04416786713248022,0.04283453379914689
2015-06-30 00:00:00+09:00,30,月末,4,-0.2209075615520112,-0.22224089488534451
2015-07-10 00:00:00+09:00,10,10,4,0.6182827115774392,0.6169493782441059
2015-07-15 00:00:00+09:00,15,15,4,-0.004196422371322006,-0.005529755704655339
2015-07-20 00:00:00+09:00,20,20,4,0.04923507687875084,0.047901743545417506
2015-07-25 00:00:00+09:00,25,25,4,0.11456445859607256,0.11323112526273922
2015-07-31 00:00:00+09:00,31,月末,4,-0.08988521292058738,-0.09121854625392072
2015-08-05 00:00:00+09:00,5,5,4,-0.048891453195021306,-0.05022478652835464
2015-08-10 00:00:00+09:00,10,10,4,0.09052104040493669,0.08918770707160335
2015-08-15 00:00:00+09:00,15,15,4,0.029074713651777717,0.027741380318444385
2015-08-20 00:00:00+09:00,20,20,4,0.0881287221901561,0.08679538885682277
2015-08-25 00:00:00+09:00,25,25,4,-0.0786885326749448,-0.08002186600827814
2015-08-31 00:00:00+09:00,31,月末,4,-0.29116844766779726,-0.2925017810011306
2015-09-05 00:00:00+09:00,5,5,4,0.03114943828529948,0.029816104951966148
2015-09-10 00:00:00+09:00,10,10,4,-0.5610836086032661,-0.5624169419365994
2015-09-15 00:00:00+09:00,15,15,4,0.441758245941376,0.4404249126080427
2015-09-25 00:00:00+09:00,25,25,4,0.3251514896955243,0.32381815636219097
2015-09-30 00:00:00+09:00,30,月末,4,0.18345166284358672,0.1821183295102534
2015-10-05 00:00:00+09:00,5,5,4,-0.0044556355986435925,-0.0057889689319769256
2015-10-10 00:00:00+09:00,10,10,4,-0.05071181270895064,-0.052045146042283975
2015-10-15 00:00:00+09:00,15,15,4,0.08963384825861065,0.08830051492527731
2015-10-20 00:00:00+09:00,20,20,4,0.11465059182484416,0.11331725849151082
2015-10-31 00:00:00+09:00,31,月末,4,-0.1622316895766529,-0.16356502290998623
2015-11-05 00:00:00+09:00,5,5,4,-0.07000555443053835,-0.07133888776387169
2015-11-10 00:00:00+09:00,10,10,4,0.025960742104633172,0.02462740877129984
2015-11-20 00:00:00+09:00,20,20,4,-0.0005474116939796492,-0.0018807450273129825
2015-11-25 00:00:00+09:00,25,25,4,0.12001596498312783,0.11868263164979449
2015-11-30 00:00:00+09:00,30,月末,4,-0.12066312495119802,-0.12199645828453136
2015-12-05 00:00:00+09:00,5,5,4,-0.06454529508845563,-0.06587862842178897
2015-12-10 00:00:00+09:00,10,10,4,0.557506676795283,0.5561733434619497
2015-12-15 00:00:00+09:00,15,15,4,0.3595548659974024,0.35822153266406903
2015-12-31 00:00:00+09:00,31,月末,4,-0.05824561436874043,-0.05957894770207376
2016-01-05 00:00:00+09:00,5,5,4,-0.06852945768568708,-0.06986279101902042
2016-01-15 00:00:00+09:00,15,15,4,-0.002446526907132207,-0.00377986024046554
2016-01-20 00:00:00+09:00,20,20,4,-0.1249516739642742,-0.12628500729760753
2016-01-25 00:00:00+09:00,25,25,4,-0.07595492114962354,-0.07728825448295688
2016-02-05 00:00:00+09:00,5,5,4,-0.11093297767094668,-0.11226631100428001
2016-02-10 00:00:00+09:00,10,10,4,-0.3416844974203692,-0.34301783075370257
2016-02-15 00:00:00+09:00,15,15,4,0.008258892962556552,0.006925559629223219
2016-02-20 00:00:00+09:00,20,20,4,0.24000659108103783,0.2386732577477045
2016-02-25 00:00:00+09:00,25,25,4,0.6260539830639567,0.6247206497306234
2016-02-29 00:00:00+09:00,29,月末,4,-0.25852774219652097,-0.2598610755298543
2016-03-05 00:00:00+09:00,5,5,4,-0.06981808289843461,-0.07115141623176795
2016-03-10 00:00:00+09:00,10,10,4,-0.08146617643031706,-0.0827995097636504
2016-03-15 00:00:00+09:00,15,15,4,0.05792480870403516,0.056591475370701826
2016-03-25 00:00:00+09:00,25,25,4,0.22480483766361692,0.2234715043302836
2016-03-31 00:00:00+09:00,31,月末,4,0.06949381187706383,0.06816047854373049
2016-04-05 00:00:00+09:00,5,5,4,-0.3018958362068891,-0.30322916954022244
2016-04-15 00:00:00+09:00,15,15,4,0.3551939629044931,0.35386062957115977
2016-04-20 00:00:00+09:00,20,20,4,-0.08200327309295374,-0.08333660642628708
2016-04-25 00:00:00+09:00,25,25,4,-0.532882231446663,-0.5342155647799963
2016-04-30 00:00:00+09:00,30,月末,4,-0.2882314917627554,-0.2895648250960888
2016-05-05 00:00:00+09:00,5,5,4,0.03635829241936117,0.03502495908602784
2016-05-10 00:00:00+09:00,10,10,4,0.05194500199809937,0.05061166866476604
2016-05-20 00:00:00+09:00,20,20,4,0.08789452439193768,0.08656119105860434
2016-05-25 00:00:00+09:00,25,25,4,0.12600594011977773,0.12467260678644439
2016-05-31 00:00:00+09:00,31,月末,4,-0.0714096820366189,-0.07274301536995224
2016-06-10 00:00:00+09:00,10,10,4,0.1825018638869913,0.18116853055365797
2016-06-15 00:00:00+09:00,15,15,4,-0.04609921145571072,-0.04743254478904405
2016-06-20 00:00:00+09:00,20,20,4,0.955468229898454,0.9541348965651207
2016-06-25 00:00:00+09:00,25,25,4,-0.39092735675638757,-0.3922606900897209
2016-06-30 00:00:00+09:00,30,月末,4,0.3557977378027155,0.35446440446938215
2016-07-05 00:00:00+09:00,5,5,4,-0.30497033275068697,-0.3063036660840203
2016-07-15 00:00:00+09:00,15,15,4,0.17354544443778375,0.17221211110445042
2016-07-20 00:00:00+09:00,20,20,4,-0.10875939045324468,-0.11009272378657801
2016-07-25 00:00:00+09:00,25,25,4,0.38096494610254106,0.3796316127692077
2016-08-05 00:00:00+09:00,5,5,4,0.10149929646415812,0.10016596313082478
2016-08-10 00:00:00+09:00,10,10,4,-0.12034591625737223,-0.12167924959070557
2016-08-15 00:00:00+09:00,15,15,4,0.20226130417912436,0.20092797084579103
2016-08-20 00:00:00+09:00,20,20,4,0.04990109065806658,0.04856775732473325
2016-08-25 00:00:00+09:00,25,25,4,0.029011441967821683,0.02767810863448835
2016-08-31 00:00:00+09:00,31,月末,4,0.06109251128385007,0.05975917795051674
2016-09-05 00:00:00+09:00,5,5,4,-0.13105259314327156,-0.13238592647660488
2016-09-10 00:00:00+09:00,10,10,4,-0.155632535701139,-0.15696586903447232
2016-09-15 00:00:00+09:00,15,15,4,0.07483454636016129,0.07350121302682795
2016-09-20 00:00:00+09:00,20,20,4,0.09841402895546247,0.09708069562212913
2016-09-30 00:00:00+09:00,30,月末,4,0.13043668075757298,0.12910334742423965
2016-10-05 00:00:00+09:00,5,5,4,0.060088511778835785,0.05875517844550245
2016-10-10 00:00:00+09:00,10,10,4,-0.05263891942384191,-0.053972252757175244
2016-10-15 00:00:00+09:00,15,15,4,-0.0756303281560261,-0.07696366148935944
2016-10-20 00:00:00+09:00,20,20,4,0.26110048391117524,0.2597671505778419
2016-10-25 00:00:00+09:00,25,25,4,0.20167034680902418,0.20033701347569086
2016-10-31 00:00:00+09:00,31,月末,4,0.14279143516335857,0.14145810183002525
2016-11-05 00:00:00+09:00,5,5,4,-0.09878453079097127,-0.10011786412430461
2016-11-10 00:00:00+09:00,10,10,4,0.3531131318788905,0.35177979854555713
2016-11-15 00:00:00+09:00,15,15,4,0.005667502843179073,0.00433416950984574
2016-11-25 00:00:00+09:00,25,25,4,0.3294101611119704,0.32807682777863706
2016-11-30 00:00:00+09:00,30,月末,4,-0.2589199571048334,-0.26025329043816675
2016-12-05 00:00:00+09:00,5,5,4,0.3753996060205961,0.3740662726872627
2016-12-10 00:00:00+09:00,10,10,4,-0.11889419094588405,-0.12022752427921739
2016-12-15 00:00:00+09:00,15,15,4,1.1324615563787666,1.1311282230454331
2016-12-20 00:00:00+09:00,20,20,4,0.3115730074009504,0.31023967406761704
2016-12-31 00:00:00+09:00,31,月末,4,-0.02624668041914524,-0.027580013752478573
2017-01-05 00:00:00+09:00,5,5,4,-0.5448920677374514,-0.5462254010707847
2017-01-10 00:00:00+09:00,10,10,4,-0.20586564412079789,-0.2071989774541312
2017-01-20 00:00:00+09:00,20,20,4,-0.10007627924890072,-0.10140961258223406
2017-01-25 00:00:00+09:00,25,25,4,-0.014532416350981903,-0.015865749684315235
2017-01-31 00:00:00+09:00,31,月末,4,0.23537215666922795,0.23403882333589462
2017-02-10 00:00:00+09:00,10,10,4,0.45961302499691326,0.4582796916635799
2017-02-15 00:00:00+09:00,15,15,4,0.05458343014013989,0.053250096806806556
2017-02-20 00:00:00+09:00,20,20,4,0.0512522204463961,0.04991888711306277
2017-02-25 00:00:00+09:00,25,25,4,-0.31214207149424245,-0.3134754048275758
2017-02-28 00:00:00+09:00,28,月末,4,0.16388293931572373,0.1625496059823904
2017-03-10 00:00:00+09:00,10,10,4,0.3178564346718038,0.31652310133847045
2017-03-15 00:00:00+09:00,15,15,4,0.06501657038031627,0.06368323704698294
2017-03-20 00:00:00+09:00,20,20,4,-0.003801171202516551,-0.005134504535849884
2017-03-25 00:00:00+09:00,25,25,4,0.23581433820707987,0.23448100487374654
2017-03-31 00:00:00+09:00,31,月末,4,0.5469920282825336,0.5456586949492003
2017-04-05 00:00:00+09:00,5,5,4,0.12170894644479846,0.12037561311146512
2017-04-10 00:00:00+09:00,10,10,4,0.3600130313800409,0.3586796980467076
2017-04-15 00:00:00+09:00,15,15,4,0.0015884154605044776,0.0002550821271711443
2017-04-20 00:00:00+09:00,20,20,4,0.020193269862636698,0.018859936529303366
2017-04-25 00:00:00+09:00,25,25,4,0.07223480290048656,0.07090146956715322
2017-05-05 00:00:00+09:00,5,5,4,0.18093443779954033,0.179601104466207
2017-05-10 00:00:00+09:00,10,10,4,-0.2871418822904481,-0.2884752156237815
2017-05-15 00:00:00+09:00,15,15,4,0.19730302190931748,0.19596968857598415
2017-05-20 00:00:00+09:00,20,20,4,-0.09303529958943069,-0.09436863292276403
2017-05-25 00:00:00+09:00,25,25,4,-0.09466910508178494,-0.09600243841511828
2017-05-31 00:00:00+09:00,31,月末,4,0.06599862065141404,0.0646652873180807
2017-06-05 00:00:00+09:00,5,5,4,0.16054769334998276,0.15921436001664943
2017-06-10 00:00:00+09:00,10,10,4,-0.07553860959207404,-0.07687194292540737
2017-06-15 00:00:00+09:00,15,15,4,0.22684442320167753,0.2255110898683442
2017-06-20 00:00:00+09:00,20,20,4,0.17958331537430428,0.17824998204097095
2017-06-30 00:00:00+09:00,30,月末,4,0.11739560508903513,0.11606227175570179
2017-07-05 00:00:00+09:00,5,5,4,-0.08923081667975286,-0.0905641500130862
2017-07-10 00:00:00+09:00,10,10,4,0.18951669617345845,0.18818336284012513
2017-07-15 00:00:00+09:00,15,15,4,-0.0012452661222656092,-0.0025785994555989422
2017-07-20 00:00:00+09:00,20,20,4,0.07938025789561709,0.07804692456228375
2017-07-25 00:00:00+09:00,25,25,4,0.052861738051365736,0.051528404718032404
2017-07-31 00:00:00+09:00,31,月末,4,-0.25375421668034637,-0.2550875500136797
2017-08-05 00:00:00+09:00,5,5,4,-0.025001812101152487,-0.02633514543448582
2017-08-10 00:00:00+09:00,10,10,4,0.18879359406142604,0.18746026072809271
2017-08-15 00:00:00+09:00,15,15,4,0.4501365587717243,0.44880322543839096
2017-08-25 00:00:00+09:00,25,25,4,0.2557941016179843,0.254460768284651
2017-08-31 00:00:00+09:00,31,月末,4,0.05633572312860324,0.05500238979526991
2017-09-05 00:00:00+09:00,5,5,4,-0.041201355584388755,-0.04253468891772209
2017-09-15 00:00:00+09:00,15,15,4,-0.3117552387609579,-0.31308857209429125
2017-09-20 00:00:00+09:00,20,20,4,0.023512595241007017,0.022179261907673685
2017-09-25 00:00:00+09:00,25,25,4,0.4105446046075545,0.40921127127422113
2017-09-30 00:00:00+09:00,30,月末,4,-0.10250336284744477,-0.1038366961807781
2017-10-05 00:00:00+09:00,5,5,4,-0.13573913195895349,-0.1370724652922868
2017-10-10 00:00:00+09:00,10,10,4,0.04812669185275953,0.0467933585194262
2017-10-20 00:00:00+09:00,20,20,4,0.17402479726685294,0.1726914639335196
2017-10-25 00:00:00+09:00,25,25,4,-0.18849584002277597,-0.1898291733561093
2017-10-31 00:00:00+09:00,31,月末,4,-0.0019392560613951115,-0.0032725893947284446
2017-11-10 00:00:00+09:00,10,10,4,0.16866395191074135,0.16733061857740802
2017-11-15 00:00:00+09:00,15,15,4,-0.08414896301603692,-0.08548229634937025
2017-11-20 00:00:00+09:00,20,20,4,-0.13984240991222752,-0.14117574324556084
2017-11-25 00:00:00+09:00,25,25,4,-0.06047089972773534,-0.06180423306106867
2017-11-30 00:00:00+09:00,30,月末,4,0.03736171115099329,0.03602837781765996
2017-12-05 00:00:00+09:00,5,5,4,-0.1485553472524076,-0.14988868058574092
2017-12-15 00:00:00+09:00,15,15,4,-0.03760779187031993,-0.03894112520365326
2017-12-20 00:00:00+09:00,20,20,4,-0.009474537455508858,-0.010807870788842192
2018-01-05 00:00:00+09:00,5,5,4,0.02110089464495979,0.019767561311626457
2018-01-10 00:00:00+09:00,10,10,4,-0.14022289240339936,-0.14155622573673268
2018-01-15 00:00:00+09:00,15,15,4,-0.1773103691613126,-0.17864370249464592
2018-01-20 00:00:00+09:00,20,20,4,0.12543049611531965,0.1240971627819863
2018-01-25 00:00:00+09:00,25,25,4,0.2539288295498987,0.25259549621656535
2018-01-31 00:00:00+09:00,31,月末,4,-0.014873444901120081,-0.016206778234453413
2018-02-05 00:00:00+09:00,5,5,4,-0.1849330298271168,-0.18626636316045012
2018-02-10 00:00:00+09:00,10,10,4,0.5957250080632581,0.5943916747299248
2018-02-15 00:00:00+09:00,15,15,4,-0.06434022304760978,-0.06567355638094312
2018-02-20 00:00:00+09:00,20,20,4,0.1683254702016468,0.16699213686831346
2018-02-28 00:00:00+09:00,28,月末,4,-0.18167599215921093,-0.18300932549254426
2018-03-05 00:00:00+09:00,5,5,4,-0.002988199708151007,-0.00432153304148434
2018-03-10 00:00:00+09:00,10,10,4,-0.024242399362980893,-0.025575732696314225
2018-03-15 00:00:00+09:00,15,15,4,-0.4534212253994335,-0.4547545587327669
2018-03-20 00:00:00+09:00,20,20,4,0.08866241924869178,0.08732908591535844
2018-03-31 00:00:00+09:00,31,月末,4,0.05882229397279892,0.05748896063946559
2018-04-05 00:00:00+09:00,5,5,4,0.3649748563885169,0.36364152305518355
2018-04-10 00:00:00+09:00,10,10,4,-0.2215763014411537,-0.22290963477448703
2018-04-20 00:00:00+09:00,20,20,4,0.12544461621550873,0.12411128288217539
2018-04-25 00:00:00+09:00,25,25,4,0.21661888827669284,0.21528555494335952
2018-04-30 00:00:00+09:00,30,月末,4,0.027745492726571896,0.026412159393238564
2018-05-05 00:00:00+09:00,5,5,4,-0.04289593564975602,-0.044229268983089355
2018-05-10 00:00:00+09:00,10,10,4,0.14021170707561037,0.13887837374227704
2018-05-15 00:00:00+09:00,15,15,4,0.11692362327439532,0.11559028994106198
2018-05-25 00:00:00+09:00,25,25,4,0.06930143611113271,0.06796810277779937
2018-05-31 00:00:00+09:00,31,月末,4,-0.153127332071204,-0.15446066540453732
2018-06-05 00:00:00+09:00,5,5,4,0.08646800672356125,0.08513467339022791
2018-06-15 00:00:00+09:00,15,15,4,-0.27615704406731834,-0.2774903774006517
2018-06-20 00:00:00+09:00,20,20,4,-0.004219215698222922,-0.005552549031556255
2018-06-25 00:00:00+09:00,25,25,4,-0.2520627880166687,-0.25339612135000206
2018-06-30 00:00:00+09:00,30,月末,4,0.0344384059693309,0.033105072635997566
2018-07-05 00:00:00+09:00,5,5,4,-0.10421807419663254,-0.10555140752996588
2018-07-10 00:00:00+09:00,10,10,4,0.26367085561482817,0.2623375222814948
2018-07-20 00:00:00+09:00,20,20,4,0.147025256404687,0.14569192307135367
2018-07-25 00:00:00+09:00,25,25,4,0.21227633492414966,0.21094300159081633
2018-07-31 00:00:00+09:00,31,月末,4,-0.03585749164863872,-0.03719082498197205
2018-08-10 00:00:00+09:00,10,10,4,-0.2626647158354478,-0.26399804916878117
2018-08-15 00:00:00+09:00,15,15,4,0.016233425224432274,0.01490009189109894
2018-08-20 00:00:00+09:00,20,20,4,-0.12975924082969936,-0.1310925741630327
2018-08-25 00:00:00+09:00,25,25,4,0.05545571187103304,0.05412237853769971
2018-08-31 00:00:00+09:00,31,月末,4,-0.2735780676453414,-0.2749114009786748
2018-09-05 00:00:00+09:00,5,5,4,0.15376800252598355,0.15243466919265022
2018-09-10 00:00:00+09:00,10,10,4,0.022773666966965922,0.02144033363363259
2018-09-15 00:00:00+09:00,15,15,4,-0.04036694686825881,-0.041700280201592145
2018-09-20 00:00:00+09:00,20,20,4,-0.0033542696228600066,-0.00468760295619334
2018-09-25 00:00:00+09:00,25,25,4,0.12282908989454944,0.1214957565612161
2018-10-05 00:00:00+09:00,5,5,4,0.24219697392343087,0.24086364059009754
2018-10-10 00:00:00+09:00,10,10,4,0.17765074785226487,0.17631741451893154
2018-10-15 00:00:00+09:00,15,15,4,-0.0718489301342995,-0.07318226346763283
2018-10-20 00:00:00+09:00,20,20,4,0.016025314045181593,0.01469198071184826
2018-10-25 00:00:00+09:00,25,25,4,-0.3064368462540018,-0.30777017958733516
2018-10-31 00:00:00+09:00,31,月末,4,0.24881449045559,0.24748115712225668
2018-11-05 00:00:00+09:00,5,5,4,0.0715078118788709,0.07017447854553756
2018-11-10 00:00:00+09:00,10,10,4,-0.01976263005908918,-0.021095963392422513
2018-11-15 00:00:00+09:00,15,15,4,0.29776490400442723,0.2964315706710939
2018-11-20 00:00:00+09:00,20,20,4,0.10579229860774864,0.1044589652744153
2018-11-30 00:00:00+09:00,30,月末,4,0.04864235160698671,0.04730901827365338
2018-12-05 00:00:00+09:00,5,5,4,-0.07379716369310674,-0.07513049702644008
2018-12-10 00:00:00+09:00,10,10,4,0.03654274441396432,0.03520941108063099
2018-12-15 00:00:00+09:00,15,15,4,0.07429978729886211,0.07296645396552877
2018-12-20 00:00:00+09:00,20,20,4,-0.016631246376480613,-0.017964579709813945
2018-12-25 00:00:00+09:00,25,25,4,-0.06381351775884836,-0.0651468510921817
2018-12-31 00:00:00+09:00,31,月末,4,0.14340870403837802,0.1420753707050447
2019-01-05 00:00:00+09:00,5,5,4,0.05465343877421591,0.05332010544088258
2019-01-10 00:00:00+09:00,10,10,4,-0.2207603242363937,-0.22209365756972702
2019-01-15 00:00:00+09:00,15,15,4,0.13805073760621012,0.1367174042728768
2019-01-25 00:00:00+09:00,25,25,4,0.21463874388965576,0.21330541055632243
2019-01-31 00:00:00+09:00,31,月末,4,-0.11362656655225234,-0.11495989988558568
2019-02-05 00:00:00+09:00,5,5,4,0.0073396941489167755,0.0060063608155834424
2019-02-15 00:00:00+09:00,15,15,4,-0.24908680558729246,-0.2504201389206258
2019-02-20 00:00:00+09:00,20,20,4,0.185734308093366,0.18440097476003267
2019-02-25 00:00:00+09:00,25,25,4,0.22066859045110077,0.21933525711776744
2019-02-28 00:00:00+09:00,28,月末,4,-0.03704651397204717,-0.0383798473053805
2019-03-05 00:00:00+09:00,5,5,4,0.0950814318623483,0.09374809852901496
2019-03-15 00:00:00+09:00,15,15,4,0.15312376993639465,0.15179043660306132
2019-03-20 00:00:00+09:00,20,20,4,0.0763694303625162,0.07503609702918286
2019-03-25 00:00:00+09:00,25,25,4,-0.27332472964887167,-0.274658062982205
2019-04-05 00:00:00+09:00,5,5,4,0.18595725258692686,0.18462391925359353
2019-04-10 00:00:00+09:00,10,10,4,0.017233435577607148,0.015900102244273816
2019-04-15 00:00:00+09:00,15,15,4,0.020173227949940586,0.018839894616607254
2019-04-20 00:00:00+09:00,20,20,4,-0.035330131232327866,-0.0366634645656612
2019-04-25 00:00:00+09:00,25,25,4,0.10416780443791018,0.10283447110457684
2019-04-30 00:00:00+09:00,30,月末,4,-0.04922444896897915,-0.05055778230231248
2019-05-10 00:00:00+09:00,10,10,4,0.11805169697233775,0.11671836363900441
2019-05-15 00:00:00+09:00,15,15,4,-0.17303484205087316,-0.1743681753842065
2019-05-20 00:00:00+09:00,20,20,4,0.16081898673632744,0.15948565340299412
2019-05-25 00:00:00+09:00,25,25,4,-0.06714240552728734,-0.06847573886062068
2019-05-31 00:00:00+09:00,31,月末,4,-0.3767318038518319,-0.37806513718516527
2019-06-05 00:00:00+09:00,5,5,4,0.036311606022365606,0.03497827268903227
2019-06-10 00:00:00+09:00,10,10,4,-0.10127777132712679,-0.10261110466046013
2019-06-15 00:00:00+09:00,15,15,4,0.02981437943672116,0.02848104610338783
2019-06-20 00:00:00+09:00,20,20,4,-0.3823645955103372,-0.38369792884367054
2019-06-25 00:00:00+09:00,25,25,4,-0.008367571028075615,-0.00970090436140895
2019-07-05 00:00:00+09:00,5,5,4,0.06458223329571244,0.0632488999623791
2019-07-10 00:00:00+09:00,10,10,4,0.0978623888653829,0.09652905553204956
2019-07-15 00:00:00+09:00,15,15,4,0.05298754307463405,0.051654209741300715
2019-07-20 00:00:00+09:00,20,20,4,-0.0933354872493658,-0.09466882058269914
2019-07-25 00:00:00+09:00,25,25,4,0.01621221607934209,0.014878882746008756
2019-07-31 00:00:00+09:00,31,月末,4,-0.03644345346802691,-0.03777678680136024
2019-08-05 00:00:00+09:00,5,5,4,-0.027106862342096694,-0.028440195675430026
2019-08-10 00:00:00+09:00,10,10,4,-0.055816452530330074,-0.057149785863663406
2019-08-15 00:00:00+09:00,15,15,4,0.025860119568033024,0.024526786234699692
2019-08-20 00:00:00+09:00,20,20,4,0.007492008074730383,0.00615867474139705
2019-08-31 00:00:00+09:00,31,月末,4,0.03362161611867587,0.032288282785342536
2019-09-05 00:00:00+09:00,5,5,4,0.19753976913034488,0.19620643579701155
2019-09-10 00:00:00+09:00,10,10,4,0.2483544537264737,0.24702112039314036
2019-09-20 00:00:00+09:00,20,20,4,-0.11158706515918271,-0.11292039849251605
2019-09-25 00:00:00+09:00,25,25,4,-0.06307856550603619,-0.06441189883936953
2019-09-30 00:00:00+09:00,30,月末,4,-0.05544020221335266,-0.056773535546685995
2019-10-05 00:00:00+09:00,5,5,4,-0.013051884017706294,-0.014385217351039628
2019-10-10 00:00:00+09:00,10,10,4,-0.1933187148830645,-0.19465204821639784
2019-10-15 00:00:00+09:00,15,15,4,0.03915549916631844,0.03782216583298511
2019-10-25 00:00:00+09:00,25,25,4,0.06893171620921401,0.06759838287588067
2019-10-31 00:00:00+09:00,31,月末,4,0.3301780927630532,0.32884475942971986
2019-11-05 00:00:00+09:00,5,5,4,0.02187537554097785,0.020542042207644516
2019-11-15 00:00:00+09:00,15,15,4,0.3042936427516407,0.30296030941830737
2019-11-20 00:00:00+09:00,20,20,4,0.004317425601449432,0.0029840922681160986
2019-11-25 00:00:00+09:00,25,25,4,0.17945761397509807,0.17812428064176475
2019-11-30 00:00:00+09:00,30,月末,4,0.04073011049963715,0.03939677716630382
2019-12-05 00:00:00+09:00,5,5,4,-0.01824608728913657,-0.019579420622469902
2019-12-10 00:00:00+09:00,10,10,4,-0.06867295389831607,-0.07000628723164941
2019-12-20 00:00:00+09:00,20,20,4,0.0995728047852168,0.09823947145188346
2019-12-25 00:00:00+09:00,25,25,4,-0.08262136432403144,-0.08395469765736478
2019-12-31 00:00:00+09:00,31,月末,4,-0.10096936167490744,-0.10230269500824078
2020-01-10 00:00:00+09:00,10,10,4,0.022643477386774524,0.021310144053441192
2020-01-15 00:00:00+09:00,15,15,4,-0.2095646974502291,-0.21089803078356242
2020-01-20 00:00:00+09:00,20,20,4,0.0853401983138824,0.08400686498054906
2020-01-25 00:00:00+09:00,25,25,4,-0.049273597236140776,-0.05060693056947411
2020-01-31 00:00:00+09:00,31,月末,4,0.4653480812881139,0.46401474795478054
2020-02-05 00:00:00+09:00,5,5,4,-0.045192978787356175,-0.04652631212068951
2020-02-10 00:00:00+09:00,10,10,4,0.05169210825227699,0.05035877491894366
2020-02-15 00:00:00+09:00,15,15,4,0.021334476130638325,0.020001142797304992
2020-02-20 00:00:00+09:00,20,20,4,0.04424937189879685,0.04291603856546352
2020-02-25 00:00:00+09:00,25,25,4,0.37350100426266075,0.3721676709293274
2020-02-29 00:00:00+09:00,29,月末,4,0.1533973840011471,0.15206405066781378
2020-03-05 00:00:00+09:00,5,5,4,0.21759887402765798,0.21626554069432466
2020-03-10 00:00:00+09:00,10,10,4,0.7999884984625061,0.7986551651291728
2020-03-20 00:00:00+09:00,20,20,4,0.5224080748419846,0.5210747415086513
2020-03-25 00:00:00+09:00,25,25,4,0.015454673553674803,0.014121340220341469
2020-03-31 00:00:00+09:00,31,月末,4,0.3553275446012083,0.35399421126787495
2020-04-10 00:00:00+09:00,10,10,4,0.05456738711679954,0.053234053783466205
2020-04-15 00:00:00+09:00,15,15,4,0.05579931998282717,0.054465986649493835
2020-04-20 00:00:00+09:00,20,20,4,0.3606263808850485,0.35929304755171515
2020-04-25 00:00:00+09:00,25,25,4,0.20565988118260714,0.20432654784927382
2020-04-30 00:00:00+09:00,30,月末,4,0.14625115074731743,0.1449178174139841
2020-05-05 00:00:00+09:00,5,5,4,-0.04499758650117203,-0.04633091983450536
2020-05-15 00:00:00+09:00,15,15,4,0.36732833768650663,0.3659950043531733
2020-05-20 00:00:00+09:00,20,20,4,0.0418140628941549,0.04048072956082157
2020-05-25 00:00:00+09:00,25,25,4,0.19574024396011303,0.1944069106267797
2020-06-05 00:00:00+09:00,5,5,4,-0.10007921287911725,-0.10141254621245059
2020-06-10 00:00:00+09:00,10,10,4,-0.06606035556652179,-0.06739368889985513
2020-06-15 00:00:00+09:00,15,15,4,-0.13976896583481613,-0.14110229916814945
2020-06-20 00:00:00+09:00,20,20,4,-0.0667051829096349,-0.06803851624296824
2020-06-25 00:00:00+09:00,25,25,4,0.097607158306795,0.09627382497346167
2020-06-30 00:00:00+09:00,30,月末,4,0.024782812000492815,0.023449478667159483
2020-07-10 00:00:00+09:00,10,10,4,-0.28955131763123143,-0.2908846509645648
2020-07-15 00:00:00+09:00,15,15,4,0.22950957194974864,0.2281762386164153
2020-07-20 00:00:00+09:00,20,20,4,0.3812097401236336,0.37987640679030027
2020-07-25 00:00:00+09:00,25,25,4,0.32955966405015524,0.3282263307168219
2020-07-31 00:00:00+09:00,31,月末,4,-0.055573117826268614,-0.056906451159601946
2020-08-05 00:00:00+09:00,5,5,4,-0.056394942305337814,-0.057728275638671146
2020-08-10 00:00:00+09:00,10,10,4,-0.038650566817244325,-0.03998390015057766
2020-08-15 00:00:00+09:00,15,15,4,-0.009887223001797674,-0.011220556335131008
2020-08-20 00:00:00+09:00,20,20,4,0.04807584170725965,0.046742508373926316
2020-08-25 00:00:00+09:00,25,25,4,0.10543533796827931,0.10410200463494597
2020-08-31 00:00:00+09:00,31,月末,4,0.0195001850762877,0.01816685174295437
2020-09-05 00:00:00+09:00,5,5,4,0.04540871148460135,0.04407537815126802
2020-09-10 00:00:00+09:00,10,10,4,-0.019475058530599165,-0.020808391863932497
2020-09-15 00:00:00+09:00,15,15,4,-0.0803768341511496,-0.08171016748448294
2020-09-25 00:00:00+09:00,25,25,4,0.01674840286088053,0.015415069527547195
2020-09-30 00:00:00+09:00,30,月末,4,0.11879311785176205,0.11745978451842871
2020-10-05 00:00:00+09:00,5,5,4,0.3922708491568838,0.39093751582355046
2020-10-10 00:00:00+09:00,10,10,4,0.04564328377259508,0.044309950439261746
2020-10-15 00:00:00+09:00,15,15,4,-0.031738329863637005,-0.03307166319697034
2020-10-20 00:00:00+09:00,20,20,4,-0.03205483430018252,-0.033388167633515854
2020-10-31 00:00:00+09:00,31,月末,4,0.05925712923852133,0.057923795905188
2020-11-05 00:00:00+09:00,5,5,4,-0.3443697507550414,-0.34570308408837475
2020-11-10 00:00:00+09:00,10,10,4,-0.2928075004043462,-0.2941408337376796
2020-11-20 00:00:00+09:00,20,20,4,0.1293973674396265,0.12806403410629316
2020-11-25 00:00:00+09:00,25,25,4,0.01849187056505719,0.017158537231723857
2020-11-30 00:00:00+09:00,30,月末,4,0.0068259519780594635,0.0054926186447261304
2020-12-05 00:00:00+09:00,5,5,4,-0.08242399181710991,-0.08375732515044325
2020-12-10 00:00:00+09:00,10,10,4,-0.020659349993296106,-0.021992683326629438
2020-12-15 00:00:00+09:00,15,15,4,0.0712838291393264,0.06995049580599307
2020-12-25 00:00:00+09:00,25,25,4,-0.02273795694480718,-0.024071290278140513
2020-12-31 00:00:00+09:00,31,月末,4,0.08656586958167845,0.0852325362483451
2021-01-05 00:00:00+09:00,5,5,4,-0.0023629347009779256,-0.0036962680343112586
2021-01-15 00:00:00+09:00,15,15,4,0.0355334550570352,0.03420012172370187
2021-01-20 00:00:00+09:00,20,20,4,0.10799599585226693,0.1066626625189336
2021-01-25 00:00:00+09:00,25,25,4,0.0630571028236604,0.06172376949032706
2021-02-05 00:00:00+09:00,5,5,4,0.13098405547955494,0.12965072214622161
2021-02-10 00:00:00+09:00,10,10,4,0.10531690225392132,0.10398356892058798
2021-02-15 00:00:00+09:00,15,15,4,0.22558874553502695,0.22425541220169362
2021-02-20 00:00:00+09:00,20,20,4,-0.08103277558157984,-0.08236610891491318
2021-02-25 00:00:00+09:00,25,25,4,0.3367248299345815,0.3353914966012482
2021-03-05 00:00:00+09:00,5,5,4,-0.13587227485443165,-0.13720560818776498
2021-03-10 00:00:00+09:00,10,10,4,0.050175607654012744,0.04884227432067941
2021-03-15 00:00:00+09:00,15,15,4,0.12302346896906347,0.12169013563573013
2021-03-20 00:00:00+09:00,20,20,4,-0.0472498056759002,-0.048583139009233535
2021-03-25 00:00:00+09:00,25,25,4,0.00746052760284277,0.006127194269509437
2021-03-31 00:00:00+09:00,31,月末,4,0.4740486868902771,0.4727153535569438
2021-04-05 00:00:00+09:00,5,5,4,0.12910632255546117,0.12777298922212785
2021-04-10 00:00:00+09:00,10,10,4,-0.03814180023627989,-0.03947513356961322
2021-04-15 00:00:00+09:00,15,15,4,-0.024428962321473846,-0.025762295654807178
2021-04-20 00:00:00+09:00,20,20,4,0.11437983681798491,0.11304650348465158
2021-04-30 00:00:00+09:00,30,月末,4,0.1074860217264384,0.10615268839310506
2021-05-05 00:00:00+09:00,5,5,4,0.13668863429996958,0.13535530096663625
2021-05-10 00:00:00+09:00,10,10,4,0.2140147140524351,0.21268138071910178
2021-05-15 00:00:00+09:00,15,15,4,-0.013568292042620556,-0.01490162537595389
2021-05-20 00:00:00+09:00,20,20,4,0.10784891124219209,0.10651557790885875
2021-05-25 00:00:00+09:00,25,25,4,0.056101573788086556,0.054768240454753224
2021-05-31 00:00:00+09:00,31,月末,4,0.06184804384606335,0.06051471051273002
2021-06-05 00:00:00+09:00,5,5,4,0.028845595265164503,0.02751226193183117
2021-06-10 00:00:00+09:00,10,10,4,-0.04443588076329941,-0.04576921409663274
2021-06-15 00:00:00+09:00,15,15,4,0.04103030973546806,0.03969697640213473
2021-06-25 00:00:00+09:00,25,25,4,0.05253864662596586,0.051205313292632525
2021-06-30 00:00:00+09:00,30,月末,4,0.06344833218307477,0.06211499884974144
2021-07-05 00:00:00+09:00,5,5,4,0.17681701955288287,0.17548368621954955
2021-07-10 00:00:00+09:00,10,10,4,-0.004969292780229728,-0.006302626113563061
2021-07-15 00:00:00+09:00,15,15,4,-0.1193963837675227,-0.12072971710085605
2021-07-20 00:00:00+09:00,20,20,4,0.0981145979969289,0.09678126466359556
2021-07-31 00:00:00+09:00,31,月末,4,-0.06256402450212917,-0.0638973578354625
2021-08-05 00:00:00+09:00,5,5,4,0.1283991461344558,0.12706581280112247
2021-08-10 00:00:00+09:00,10,10,4,0.03308651625419934,0.031753182920866006
2021-08-20 00:00:00+09:00,20,20,4,0.06885249231776136,0.06751915898442802
2021-08-25 00:00:00+09:00,25,25,4,0.08783187271672599,0.08649853938339265
2021-08-31 00:00:00+09:00,31,月末,4,0.011670383323325595,0.010337049989992261
2021-09-10 00:00:00+09:00,10,10,4,0.015327064049996952,0.013993730716663618
2021-09-15 00:00:00+09:00,15,15,4,-0.20130081378978426,-0.2026341471231176
2021-09-20 00:00:00+09:00,20,20,4,0.10945402371336233,0.10812069038002899
2021-09-25 00:00:00+09:00,25,25,4,0.034485743900627974,0.03315241056729464
2021-09-30 00:00:00+09:00,30,月末,4,-0.01964273095452218,-0.020976064287855513
2021-10-05 00:00:00+09:00,5,5,4,-0.03526426620784617,-0.036597599541179505
2021-10-15 00:00:00+09:00,15,15,4,0.182110284883108,0.18077695154977466
2021-10-20 00:00:00+09:00,20,20,4,0.2459839017676546,0.24465056843432129
2021-10-25 00:00:00+09:00,25,25,4,0.2311590164745747,0.22982568314124138
2021-11-05 00:00:00+09:00,5,5,4,0.08228640687824584,0.0809530735449125
2021-11-10 00:00:00+09:00,10,10,4,-0.001983785685752415,-0.003317119019085748
2021-11-15 00:00:00+09:00,15,15,4,0.14437435164230683,0.1430410183089735
2021-11-20 00:00:00+09:00,20,20,4,-0.05006032048842646,-0.05139365382175979
2021-11-25 00:00:00+09:00,25,25,4,0.024348999772055846,0.023015666438722514
2021-11-30 00:00:00+09:00,30,月末,4,0.13323339168768433,0.131900058354351
2021-12-10 00:00:00+09:00,10,10,4,-0.15138715476412934,-0.15272048809746266
2021-12-15 00:00:00+09:00,15,15,4,0.09115541860398313,0.08982208527064979
2021-12-20 00:00:00+09:00,20,20,4,0.04937967898493434,0.048046345651601007
2021-12-25 00:00:00+09:00,25,25,4,0.012159579924705954,0.01082624659137262
2021-12-31 00:00:00+09:00,31,月末,4,-0.05498364472102946,-0.05631697805436279
2022-01-05 00:00:00+09:00,5,5,4,-0.0343646421691185,-0.03569797550245183
2022-01-10 00:00:00+09:00,10,10,4,0.15519000504941594,0.1538566717160826
2022-01-15 00:00:00+09:00,15,15,4,0.18662216971747636,0.18528883638414304
2022-01-20 00:00:00+09:00,20,20,4,-0.005258367020707921,-0.0065917003540412545
2022-01-25 00:00:00+09:00,25,25,4,0.4126114002402703,0.41127806690693697
2022-01-31 00:00:00+09:00,31,月末,4,0.20721378153823466,0.20588044820490134
2022-02-05 00:00:00+09:00,5,5,4,-0.041212353199318597,-0.04254568653265193
2022-02-10 00:00:00+09:00,10,10,4,0.025382081131861134,0.0240487477985278
2022-02-15 00:00:00+09:00,15,15,4,-0.22863284809677697,-0.2299661814301103
2022-02-25 00:00:00+09:00,25,25,4,0.2934177384500858,0.29208440511675243
2022-02-28 00:00:00+09:00,28,月末,4,0.5853599060965553,0.584026572763222
2022-03-05 00:00:00+09:00,5,5,4,0.09899852446306201,0.09766519112972867
